순번,표제어,파생어,원문,교육부_별표,난이도_분류,교재_ID
1,aid,,aid**,**,필수 영단어 2000,essential_2000
2,aim,,aim**,**,필수 영단어 2000,essential_2000
3,ant,,ant**,**,필수 영단어 2000,essential_2000
4,bar,,bar**,**,필수 영단어 2000,essential_2000
5,bay,,bay**,**,필수 영단어 2000,essential_2000
6,beg,,beg**,**,필수 영단어 2000,essential_2000
7,bet,,bet**,**,필수 영단어 2000,essential_2000
8,bin,,bin**,**,필수 영단어 2000,essential_2000
9,bit,,bit**,**,필수 영단어 2000,essential_2000
10,bow,,bow**,**,필수 영단어 2000,essential_2000
11,bug,,bug**,**,필수 영단어 2000,essential_2000
12,cop,,cop**,**,필수 영단어 2000,essential_2000
13,dig,,dig**,**,필수 영단어 2000,essential_2000
14,due,,due**,**,필수 영단어 2000,essential_2000
15,fee,,fee**,**,필수 영단어 2000,essential_2000
16,few,,few**,**,필수 영단어 2000,essential_2000
17,fit,,fit**,**,필수 영단어 2000,essential_2000
18,fog,,fog**,**,필수 영단어 2000,essential_2000
19,fry,,fry**,**,필수 영단어 2000,essential_2000
20,fur,,fur**,**,필수 영단어 2000,essential_2000
21,gun,,gun**,**,필수 영단어 2000,essential_2000
22,hug,,hug**,**,필수 영단어 2000,essential_2000
23,ill,,ill**,**,필수 영단어 2000,essential_2000
24,jaw,,jaw**,**,필수 영단어 2000,essential_2000
25,joy,(enjoy),joy** (enjoy),**,필수 영단어 2000,essential_2000
26,law,,law**,**,필수 영단어 2000,essential_2000
27,lay,(layer),lay** (layer),**,필수 영단어 2000,essential_2000
28,let,,let**,**,필수 영단어 2000,essential_2000
29,lid,,lid**,**,필수 영단어 2000,essential_2000
30,log,,log**,**,필수 영단어 2000,essential_2000
31,lot,,lot**,**,필수 영단어 2000,essential_2000
32,mix,,mix**,**,필수 영단어 2000,essential_2000
33,mud,,mud**,**,필수 영단어 2000,essential_2000
34,net,,net**,**,필수 영단어 2000,essential_2000
35,nor,,nor**,**,필수 영단어 2000,essential_2000
36,nut,,nut**,**,필수 영단어 2000,essential_2000
37,oak,,oak**,**,필수 영단어 2000,essential_2000
38,odd,,odd**,**,필수 영단어 2000,essential_2000
39,own,,own**,**,필수 영단어 2000,essential_2000
40,pan,,pan**,**,필수 영단어 2000,essential_2000
41,per,,per**,**,필수 영단어 2000,essential_2000
42,pet,,pet**,**,필수 영단어 2000,essential_2000
43,pie,,pie**,**,필수 영단어 2000,essential_2000
44,pin,,pin**,**,필수 영단어 2000,essential_2000
45,pop,,pop**,**,필수 영단어 2000,essential_2000
46,pot,,pot**,**,필수 영단어 2000,essential_2000
47,pub,,pub**,**,필수 영단어 2000,essential_2000
48,rat,,rat**,**,필수 영단어 2000,essential_2000
49,rob,,rob**,**,필수 영단어 2000,essential_2000
50,row,,row**,**,필수 영단어 2000,essential_2000
51,rub,(rubber),rub** (rubber),**,필수 영단어 2000,essential_2000
52,sew,,sew**,**,필수 영단어 2000,essential_2000
53,sex,,sex**,**,필수 영단어 2000,essential_2000
54,spy,,spy**,**,필수 영단어 2000,essential_2000
55,sum,(summary),sum** (summary),**,필수 영단어 2000,essential_2000
56,tap,,tap**,**,필수 영단어 2000,essential_2000
57,tax,,tax**,**,필수 영단어 2000,essential_2000
58,tea,,tea**,**,필수 영단어 2000,essential_2000
59,tie,,tie**,**,필수 영단어 2000,essential_2000
60,tin,,tin**,**,필수 영단어 2000,essential_2000
61,tip,,tip**,**,필수 영단어 2000,essential_2000
62,toe,,toe**,**,필수 영단어 2000,essential_2000
63,van,,van**,**,필수 영단어 2000,essential_2000
64,yet,,yet**,**,필수 영단어 2000,essential_2000
65,able,(disabled),able** (disabled),**,필수 영단어 2000,essential_2000
66,army,,army**,**,필수 영단어 2000,essential_2000
67,band,,band**,**,필수 영단어 2000,essential_2000
68,bang,,bang**,**,필수 영단어 2000,essential_2000
69,bare,,bare**,**,필수 영단어 2000,essential_2000
70,bark,,bark**,**,필수 영단어 2000,essential_2000
71,bean,,bean**,**,필수 영단어 2000,essential_2000
72,beat,,beat**,**,필수 영단어 2000,essential_2000
73,beer,,beer**,**,필수 영단어 2000,essential_2000
74,bend,,bend**,**,필수 영단어 2000,essential_2000
75,bind,,bind**,**,필수 영단어 2000,essential_2000
76,bite,,bite**,**,필수 영단어 2000,essential_2000
77,blow,,blow**,**,필수 영단어 2000,essential_2000
78,boil,,boil**,**,필수 영단어 2000,essential_2000
79,bomb,,bomb**,**,필수 영단어 2000,essential_2000
80,bond,,bond**,**,필수 영단어 2000,essential_2000
81,boom,,boom**,**,필수 영단어 2000,essential_2000
82,boot,,boot**,**,필수 영단어 2000,essential_2000
83,bore,,bore**,**,필수 영단어 2000,essential_2000
84,boss,,boss**,**,필수 영단어 2000,essential_2000
85,bowl,,bowl**,**,필수 영단어 2000,essential_2000
86,bump,,bump**,**,필수 영단어 2000,essential_2000
87,bury,,bury**,**,필수 영단어 2000,essential_2000
88,bush,,bush**,**,필수 영단어 2000,essential_2000
89,cage,,cage**,**,필수 영단어 2000,essential_2000
90,calm,,calm**,**,필수 영단어 2000,essential_2000
91,cape,,cape**,**,필수 영단어 2000,essential_2000
92,cart,,cart**,**,필수 영단어 2000,essential_2000
93,cast,,cast**,**,필수 영단어 2000,essential_2000
94,cell,,cell**,**,필수 영단어 2000,essential_2000
95,chat,,chat**,**,필수 영단어 2000,essential_2000
96,chew,,chew**,**,필수 영단어 2000,essential_2000
97,chip,,chip**,**,필수 영단어 2000,essential_2000
98,chop,,chop**,**,필수 영단어 2000,essential_2000
99,clip,,clip**,**,필수 영단어 2000,essential_2000
100,clue,,clue**,**,필수 영단어 2000,essential_2000
101,coal,,coal**,**,필수 영단어 2000,essential_2000
102,code,,code**,**,필수 영단어 2000,essential_2000
103,coin,,coin**,**,필수 영단어 2000,essential_2000
104,cope,,cope**,**,필수 영단어 2000,essential_2000
105,copy,,copy**,**,필수 영단어 2000,essential_2000
106,cure,,cure**,**,필수 영단어 2000,essential_2000
107,curl,,curl**,**,필수 영단어 2000,essential_2000
108,cute,,cute**,**,필수 영단어 2000,essential_2000
109,dare,,dare**,**,필수 영단어 2000,essential_2000
110,dawn,,dawn**,**,필수 영단어 2000,essential_2000
111,deal,,deal**,**,필수 영단어 2000,essential_2000
112,debt,,debt**,**,필수 영단어 2000,essential_2000
113,deck,,deck**,**,필수 영단어 2000,essential_2000
114,deny,,deny**,**,필수 영단어 2000,essential_2000
115,diet,,diet**,**,필수 영단어 2000,essential_2000
116,dirt,(dirty),dirt** (dirty),**,필수 영단어 2000,essential_2000
117,disc,(disk),disc** (disk),**,필수 영단어 2000,essential_2000
118,dish,,dish**,**,필수 영단어 2000,essential_2000
119,dive,,dive**,**,필수 영단어 2000,essential_2000
120,drag,,drag**,**,필수 영단어 2000,essential_2000
121,drug,,drug**,**,필수 영단어 2000,essential_2000
122,dump,,dump**,**,필수 영단어 2000,essential_2000
123,dust,,dust**,**,필수 영단어 2000,essential_2000
124,duty,,duty**,**,필수 영단어 2000,essential_2000
125,each,,each**,**,필수 영단어 2000,essential_2000
126,earn,,earn**,**,필수 영단어 2000,essential_2000
127,ease,"(disease, easy)","ease** (disease, easy)",**,필수 영단어 2000,essential_2000
128,edge,,edge**,**,필수 영단어 2000,essential_2000
129,edit,,edit**,**,필수 영단어 2000,essential_2000
130,else,,else**,**,필수 영단어 2000,essential_2000
131,even,,even**,**,필수 영단어 2000,essential_2000
132,ever,,ever**,**,필수 영단어 2000,essential_2000
133,evil,,evil**,**,필수 영단어 2000,essential_2000
134,exit,,exit**,**,필수 영단어 2000,essential_2000
135,fair,,fair**,**,필수 영단어 2000,essential_2000
136,fear,,fear**,**,필수 영단어 2000,essential_2000
137,feed,,feed**,**,필수 영단어 2000,essential_2000
138,firm,,firm**,**,필수 영단어 2000,essential_2000
139,flag,,flag**,**,필수 영단어 2000,essential_2000
140,flat,,flat**,**,필수 영단어 2000,essential_2000
141,flow,,flow**,**,필수 영단어 2000,essential_2000
142,fold,,fold**,**,필수 영단어 2000,essential_2000
143,folk,,folk**,**,필수 영단어 2000,essential_2000
144,frog,,frog**,**,필수 영단어 2000,essential_2000
145,fund,,fund**,**,필수 영단어 2000,essential_2000
146,gain,,gain**,**,필수 영단어 2000,essential_2000
147,gate,,gate**,**,필수 영단어 2000,essential_2000
148,gear,,gear**,**,필수 영단어 2000,essential_2000
149,gift,,gift**,**,필수 영단어 2000,essential_2000
150,glue,,glue**,**,필수 영단어 2000,essential_2000
151,golf,,golf**,**,필수 영단어 2000,essential_2000
152,grab,,grab**,**,필수 영단어 2000,essential_2000
153,half,,half**,**,필수 영단어 2000,essential_2000
154,hall,,hall**,**,필수 영단어 2000,essential_2000
155,harm,,harm**,**,필수 영단어 2000,essential_2000
156,hear,,hear**,**,필수 영단어 2000,essential_2000
157,hell,,hell**,**,필수 영단어 2000,essential_2000
158,hide,,hide**,**,필수 영단어 2000,essential_2000
159,hint,,hint**,**,필수 영단어 2000,essential_2000
160,hire,,hire**,**,필수 영단어 2000,essential_2000
161,hole,,hole**,**,필수 영단어 2000,essential_2000
162,huge,,huge**,**,필수 영단어 2000,essential_2000
163,hurt,,hurt**,**,필수 영단어 2000,essential_2000
164,iron,,iron**,**,필수 영단어 2000,essential_2000
165,item,,item**,**,필수 영단어 2000,essential_2000
166,joke,,joke**,**,필수 영단어 2000,essential_2000
167,knee,,knee**,**,필수 영단어 2000,essential_2000
168,lack,,lack**,**,필수 영단어 2000,essential_2000
169,lamb,,lamb**,**,필수 영단어 2000,essential_2000
170,lamp,,lamp**,**,필수 영단어 2000,essential_2000
171,lane,,lane**,**,필수 영단어 2000,essential_2000
172,lawn,,lawn**,**,필수 영단어 2000,essential_2000
173,lead,,lead**,**,필수 영단어 2000,essential_2000
174,leaf,,leaf**,**,필수 영단어 2000,essential_2000
175,lean,,lean**,**,필수 영단어 2000,essential_2000
176,leap,,leap**,**,필수 영단어 2000,essential_2000
177,lend,,lend**,**,필수 영단어 2000,essential_2000
178,lift,,lift**,**,필수 영단어 2000,essential_2000
179,link,,link**,**,필수 영단어 2000,essential_2000
180,list,,list**,**,필수 영단어 2000,essential_2000
181,load,,load**,**,필수 영단어 2000,essential_2000
182,loan,,loan**,**,필수 영단어 2000,essential_2000
183,lock,,lock**,**,필수 영단어 2000,essential_2000
184,lose,,lose**,**,필수 영단어 2000,essential_2000
185,loss,,loss**,**,필수 영단어 2000,essential_2000
186,loud,,loud**,**,필수 영단어 2000,essential_2000
187,main,,main**,**,필수 영단어 2000,essential_2000
188,male,,male**,**,필수 영단어 2000,essential_2000
189,mark,,mark**,**,필수 영단어 2000,essential_2000
190,mask,,mask**,**,필수 영단어 2000,essential_2000
191,mass,,mass**,**,필수 영단어 2000,essential_2000
192,mate,,mate**,**,필수 영단어 2000,essential_2000
193,meal,,meal**,**,필수 영단어 2000,essential_2000
194,mean,,mean**,**,필수 영단어 2000,essential_2000
195,melt,,melt**,**,필수 영단어 2000,essential_2000
196,menu,,menu**,**,필수 영단어 2000,essential_2000
197,mess,,mess**,**,필수 영단어 2000,essential_2000
198,mill,,mill**,**,필수 영단어 2000,essential_2000
199,mood,,mood**,**,필수 영단어 2000,essential_2000
200,nail,,nail**,**,필수 영단어 2000,essential_2000
201,navy,,navy**,**,필수 영단어 2000,essential_2000
202,neat,,neat**,**,필수 영단어 2000,essential_2000
203,nest,,nest**,**,필수 영단어 2000,essential_2000
204,none,,none**,**,필수 영단어 2000,essential_2000
205,noon,,noon**,**,필수 영단어 2000,essential_2000
206,once,,once**,**,필수 영단어 2000,essential_2000
207,oven,,oven**,**,필수 영단어 2000,essential_2000
208,pack,,pack**,**,필수 영단어 2000,essential_2000
209,pain,,pain**,**,필수 영단어 2000,essential_2000
210,pair,,pair**,**,필수 영단어 2000,essential_2000
211,past,,past**,**,필수 영단어 2000,essential_2000
212,path,,path**,**,필수 영단어 2000,essential_2000
213,pear,,pear**,**,필수 영단어 2000,essential_2000
214,pile,,pile**,**,필수 영단어 2000,essential_2000
215,pine,,pine**,**,필수 영단어 2000,essential_2000
216,pipe,,pipe**,**,필수 영단어 2000,essential_2000
217,pity,,pity**,**,필수 영단어 2000,essential_2000
218,plus,,plus**,**,필수 영단어 2000,essential_2000
219,poem,,poem**,**,필수 영단어 2000,essential_2000
220,poet,,poet**,**,필수 영단어 2000,essential_2000
221,pole,(polar),pole** (polar),**,필수 영단어 2000,essential_2000
222,pool,,pool**,**,필수 영단어 2000,essential_2000
223,pork,,pork**,**,필수 영단어 2000,essential_2000
224,port,,port**,**,필수 영단어 2000,essential_2000
225,post,(poster),post** (poster),**,필수 영단어 2000,essential_2000
226,pour,,pour**,**,필수 영단어 2000,essential_2000
227,pray,,pray**,**,필수 영단어 2000,essential_2000
228,pull,,pull**,**,필수 영단어 2000,essential_2000
229,pump,,pump**,**,필수 영단어 2000,essential_2000
230,pure,,pure**,**,필수 영단어 2000,essential_2000
231,quit,,quit**,**,필수 영단어 2000,essential_2000
232,rail,,rail**,**,필수 영단어 2000,essential_2000
233,rare,,rare**,**,필수 영단어 2000,essential_2000
234,rate,,rate**,**,필수 영단어 2000,essential_2000
235,real,(realize / realise),real** (realize / realise),**,필수 영단어 2000,essential_2000
236,rely,,rely**,**,필수 영단어 2000,essential_2000
237,rent,,rent**,**,필수 영단어 2000,essential_2000
238,rest,,rest**,**,필수 영단어 2000,essential_2000
239,rice,,rice**,**,필수 영단어 2000,essential_2000
240,ride,,ride**,**,필수 영단어 2000,essential_2000
241,rise,,rise**,**,필수 영단어 2000,essential_2000
242,risk,,risk**,**,필수 영단어 2000,essential_2000
243,role,,role**,**,필수 영단어 2000,essential_2000
244,roll,(enroll / enrol),roll** (enroll / enrol),**,필수 영단어 2000,essential_2000
245,roof,,roof**,**,필수 영단어 2000,essential_2000
246,root,,root**,**,필수 영단어 2000,essential_2000
247,rope,,rope**,**,필수 영단어 2000,essential_2000
248,rude,,rude**,**,필수 영단어 2000,essential_2000
249,ruin,,ruin**,**,필수 영단어 2000,essential_2000
250,rule,,rule**,**,필수 영단어 2000,essential_2000
251,rush,,rush**,**,필수 영단어 2000,essential_2000
252,sail,,sail**,**,필수 영단어 2000,essential_2000
253,seal,,seal**,**,필수 영단어 2000,essential_2000
254,seat,,seat**,**,필수 영단어 2000,essential_2000
255,seed,,seed**,**,필수 영단어 2000,essential_2000
256,seek,,seek**,**,필수 영단어 2000,essential_2000
257,seem,,seem**,**,필수 영단어 2000,essential_2000
258,self,,self**,**,필수 영단어 2000,essential_2000
259,shut,,shut**,**,필수 영단어 2000,essential_2000
260,sign,(significant),sign** (significant),**,필수 영단어 2000,essential_2000
261,sink,,sink**,**,필수 영단어 2000,essential_2000
262,site,,site**,**,필수 영단어 2000,essential_2000
263,slip,,slip**,**,필수 영단어 2000,essential_2000
264,snap,,snap**,**,필수 영단어 2000,essential_2000
265,soil,,soil**,**,필수 영단어 2000,essential_2000
266,soon,,soon**,**,필수 영단어 2000,essential_2000
267,sore,,sore**,**,필수 영단어 2000,essential_2000
268,sort,,sort**,**,필수 영단어 2000,essential_2000
269,soul,,soul**,**,필수 영단어 2000,essential_2000
270,sour,,sour**,**,필수 영단어 2000,essential_2000
271,spin,,spin**,**,필수 영단어 2000,essential_2000
272,spot,,spot**,**,필수 영단어 2000,essential_2000
273,step,,step**,**,필수 영단어 2000,essential_2000
274,stir,,stir**,**,필수 영단어 2000,essential_2000
275,such,,such**,**,필수 영단어 2000,essential_2000
276,suit,,suit**,**,필수 영단어 2000,essential_2000
277,tale,,tale**,**,필수 영단어 2000,essential_2000
278,tank,,tank**,**,필수 영단어 2000,essential_2000
279,tear,,tear**,**,필수 영단어 2000,essential_2000
280,tend,,tend**,**,필수 영단어 2000,essential_2000
281,term,,term**,**,필수 영단어 2000,essential_2000
282,text,,text**,**,필수 영단어 2000,essential_2000
283,then,,then**,**,필수 영단어 2000,essential_2000
284,thin,,thin**,**,필수 영단어 2000,essential_2000
285,thus,,thus**,**,필수 영단어 2000,essential_2000
286,tide,(tidy),tide** (tidy),**,필수 영단어 2000,essential_2000
287,till,,till**,**,필수 영단어 2000,essential_2000
288,tiny,,tiny**,**,필수 영단어 2000,essential_2000
289,tone,,tone**,**,필수 영단어 2000,essential_2000
290,tool,,tool**,**,필수 영단어 2000,essential_2000
291,tour,,tour**,**,필수 영단어 2000,essential_2000
292,trap,,trap**,**,필수 영단어 2000,essential_2000
293,tray,,tray**,**,필수 영단어 2000,essential_2000
294,tune,,tune**,**,필수 영단어 2000,essential_2000
295,twin,,twin**,**,필수 영단어 2000,essential_2000
296,unit,,unit**,**,필수 영단어 2000,essential_2000
297,upon,,upon**,**,필수 영단어 2000,essential_2000
298,vary,,vary**,**,필수 영단어 2000,essential_2000
299,view,"(interview, review)","view** (interview, review)",**,필수 영단어 2000,essential_2000
300,vote,,vote**,**,필수 영단어 2000,essential_2000
301,wage,,wage**,**,필수 영단어 2000,essential_2000
302,warn,,warn**,**,필수 영단어 2000,essential_2000
303,wave,,wave**,**,필수 영단어 2000,essential_2000
304,weak,,weak**,**,필수 영단어 2000,essential_2000
305,wide,,wide**,**,필수 영단어 2000,essential_2000
306,wild,,wild**,**,필수 영단어 2000,essential_2000
307,wing,,wing**,**,필수 영단어 2000,essential_2000
308,wipe,,wipe**,**,필수 영단어 2000,essential_2000
309,wire,,wire**,**,필수 영단어 2000,essential_2000
310,wise,,wise**,**,필수 영단어 2000,essential_2000
311,wool,,wool**,**,필수 영단어 2000,essential_2000
312,wrap,,wrap**,**,필수 영단어 2000,essential_2000
313,yell,,yell**,**,필수 영단어 2000,essential_2000
314,zero,,zero**,**,필수 영단어 2000,essential_2000
315,adapt,,adapt**,**,필수 영단어 2000,essential_2000
316,admit,(admission),admit** (admission),**,필수 영단어 2000,essential_2000
317,adopt,,adopt**,**,필수 영단어 2000,essential_2000
318,agent,,agent**,**,필수 영단어 2000,essential_2000
319,alarm,,alarm**,**,필수 영단어 2000,essential_2000
320,alive,,alive**,**,필수 영단어 2000,essential_2000
321,allow,,allow**,**,필수 영단어 2000,essential_2000
322,aloud,,aloud**,**,필수 영단어 2000,essential_2000
323,alter,,alter**,**,필수 영단어 2000,essential_2000
324,amaze,,amaze**,**,필수 영단어 2000,essential_2000
325,among,,among**,**,필수 영단어 2000,essential_2000
326,amuse,,amuse**,**,필수 영단어 2000,essential_2000
327,angel,,angel**,**,필수 영단어 2000,essential_2000
328,anger,,anger**,**,필수 영단어 2000,essential_2000
329,annoy,,annoy**,**,필수 영단어 2000,essential_2000
330,apart,,apart**,**,필수 영단어 2000,essential_2000
331,apply,(applicant),apply** (applicant),**,필수 영단어 2000,essential_2000
332,argue,,argue**,**,필수 영단어 2000,essential_2000
333,aside,,aside**,**,필수 영단어 2000,essential_2000
334,avoid,,avoid**,**,필수 영단어 2000,essential_2000
335,awake,,awake**,**,필수 영단어 2000,essential_2000
336,award,,award**,**,필수 영단어 2000,essential_2000
337,aware,(unaware),aware** (unaware),**,필수 영단어 2000,essential_2000
338,bacon,,bacon**,**,필수 영단어 2000,essential_2000
339,basis,,basis**,**,필수 영단어 2000,essential_2000
340,bench,,bench**,**,필수 영단어 2000,essential_2000
341,blame,,blame**,**,필수 영단어 2000,essential_2000
342,blank,,blank**,**,필수 영단어 2000,essential_2000
343,bless,,bless**,**,필수 영단어 2000,essential_2000
344,blind,,blind**,**,필수 영단어 2000,essential_2000
345,block,,block**,**,필수 영단어 2000,essential_2000
346,bloom,,bloom**,**,필수 영단어 2000,essential_2000
347,brain,,brain**,**,필수 영단어 2000,essential_2000
348,brake,,brake**,**,필수 영단어 2000,essential_2000
349,brand,,brand**,**,필수 영단어 2000,essential_2000
350,brick,,brick**,**,필수 영단어 2000,essential_2000
351,brief,,brief**,**,필수 영단어 2000,essential_2000
352,broad,,broad**,**,필수 영단어 2000,essential_2000
353,bunch,,bunch**,**,필수 영단어 2000,essential_2000
354,burst,,burst**,**,필수 영단어 2000,essential_2000
355,cable,,cable**,**,필수 영단어 2000,essential_2000
356,cause,(causal),cause** (causal),**,필수 영단어 2000,essential_2000
357,chain,,chain**,**,필수 영단어 2000,essential_2000
358,charm,,charm**,**,필수 영단어 2000,essential_2000
359,chart,,chart**,**,필수 영단어 2000,essential_2000
360,chase,,chase**,**,필수 영단어 2000,essential_2000
361,cheek,,cheek**,**,필수 영단어 2000,essential_2000
362,cheer,,cheer**,**,필수 영단어 2000,essential_2000
363,chest,,chest**,**,필수 영단어 2000,essential_2000
364,chief,,chief**,**,필수 영단어 2000,essential_2000
365,civil,,civil**,**,필수 영단어 2000,essential_2000
366,claim,,claim**,**,필수 영단어 2000,essential_2000
367,clerk,,clerk**,**,필수 영단어 2000,essential_2000
368,click,,click**,**,필수 영단어 2000,essential_2000
369,cliff,,cliff**,**,필수 영단어 2000,essential_2000
370,coach,,coach**,**,필수 영단어 2000,essential_2000
371,coast,,coast**,**,필수 영단어 2000,essential_2000
372,cough,,cough**,**,필수 영단어 2000,essential_2000
373,count,"(discount, counter)","count** (discount, counter)",**,필수 영단어 2000,essential_2000
374,crack,,crack**,**,필수 영단어 2000,essential_2000
375,crash,,crash**,**,필수 영단어 2000,essential_2000
376,crawl,,crawl**,**,필수 영단어 2000,essential_2000
377,crime,(criminal),crime** (criminal),**,필수 영단어 2000,essential_2000
378,crisp,,crisp**,**,필수 영단어 2000,essential_2000
379,crowd,,crowd**,**,필수 영단어 2000,essential_2000
380,crown,,crown**,**,필수 영단어 2000,essential_2000
381,cruel,,cruel**,**,필수 영단어 2000,essential_2000
382,cycle,(recycle cyclist),"cycle** (recycle, cyclist)",**,필수 영단어 2000,essential_2000
383,delay,,delay**,**,필수 영단어 2000,essential_2000
384,diary,,diary**,**,필수 영단어 2000,essential_2000
385,doubt,,doubt**,**,필수 영단어 2000,essential_2000
386,dozen,,dozen**,**,필수 영단어 2000,essential_2000
387,drama,,drama**,**,필수 영단어 2000,essential_2000
388,elect,,elect**,**,필수 영단어 2000,essential_2000
389,empty,,empty**,**,필수 영단어 2000,essential_2000
390,enemy,,enemy**,**,필수 영단어 2000,essential_2000
391,equal,,equal**,**,필수 영단어 2000,essential_2000
392,essay,,essay**,**,필수 영단어 2000,essential_2000
393,event,(eventually),event** (eventually),**,필수 영단어 2000,essential_2000
394,exact,,exact**,**,필수 영단어 2000,essential_2000
395,exist,,exist**,**,필수 영단어 2000,essential_2000
396,extra,,extra**,**,필수 영단어 2000,essential_2000
397,faint,,faint**,**,필수 영단어 2000,essential_2000
398,faith,,faith**,**,필수 영단어 2000,essential_2000
399,fancy,,fancy**,**,필수 영단어 2000,essential_2000
400,fault,,fault**,**,필수 영단어 2000,essential_2000
401,favor,/ favour,favor** / favour**,**,필수 영단어 2000,essential_2000
402,fence,,fence**,**,필수 영단어 2000,essential_2000
403,fever,,fever**,**,필수 영단어 2000,essential_2000
404,final,,final**,**,필수 영단어 2000,essential_2000
405,flame,,flame**,**,필수 영단어 2000,essential_2000
406,flash,,flash**,**,필수 영단어 2000,essential_2000
407,float,,float**,**,필수 영단어 2000,essential_2000
408,flood,,flood**,**,필수 영단어 2000,essential_2000
409,force,(enforce),force** (enforce),**,필수 영단어 2000,essential_2000
410,forth,,forth**,**,필수 영단어 2000,essential_2000
411,found,(foundation),found** (foundation),**,필수 영단어 2000,essential_2000
412,frame,,frame**,**,필수 영단어 2000,essential_2000
413,ghost,,ghost**,**,필수 영단어 2000,essential_2000
414,giant,,giant**,**,필수 영단어 2000,essential_2000
415,glory,,glory**,**,필수 영단어 2000,essential_2000
416,glove,,glove**,**,필수 영단어 2000,essential_2000
417,grace,,grace**,**,필수 영단어 2000,essential_2000
418,grade,(gradual),grade** (gradual),**,필수 영단어 2000,essential_2000
419,grand,,grand**,**,필수 영단어 2000,essential_2000
420,grant,,grant**,**,필수 영단어 2000,essential_2000
421,graph,(graphic),graph** (graphic),**,필수 영단어 2000,essential_2000
422,greet,,greet**,**,필수 영단어 2000,essential_2000
423,guard,,guard**,**,필수 영단어 2000,essential_2000
424,guest,,guest**,**,필수 영단어 2000,essential_2000
425,guide,,guide**,**,필수 영단어 2000,essential_2000
426,guilt,(guilty),guilt** (guilty),**,필수 영단어 2000,essential_2000
427,honey,,honey**,**,필수 영단어 2000,essential_2000
428,honor,/ honour,honor** / honour**,**,필수 영단어 2000,essential_2000
429,hotel,,hotel**,**,필수 영단어 2000,essential_2000
430,humor,/ humour,humor** / humour**,**,필수 영단어 2000,essential_2000
431,jeans,,jeans**,**,필수 영단어 2000,essential_2000
432,judge,,judge**,**,필수 영단어 2000,essential_2000
433,knock,,knock**,**,필수 영단어 2000,essential_2000
434,label,,label**,**,필수 영단어 2000,essential_2000
435,labor,/ labour,labor** / labour**,**,필수 영단어 2000,essential_2000
436,laugh,,laugh**,**,필수 영단어 2000,essential_2000
437,leave,,leave**,**,필수 영단어 2000,essential_2000
438,legal,,legal**,**,필수 영단어 2000,essential_2000
439,lemon,,lemon**,**,필수 영단어 2000,essential_2000
440,level,,level**,**,필수 영단어 2000,essential_2000
441,limit,,limit**,**,필수 영단어 2000,essential_2000
442,local,,local**,**,필수 영단어 2000,essential_2000
443,loose,,loose**,**,필수 영단어 2000,essential_2000
444,magic,,magic**,**,필수 영단어 2000,essential_2000
445,major,(majority),major** (majority),**,필수 영단어 2000,essential_2000
446,match,,match**,**,필수 영단어 2000,essential_2000
447,maybe,,maybe**,**,필수 영단어 2000,essential_2000
448,melon,,melon**,**,필수 영단어 2000,essential_2000
449,metal,,metal**,**,필수 영단어 2000,essential_2000
450,minor,,minor**,**,필수 영단어 2000,essential_2000
451,moral,,moral**,**,필수 영단어 2000,essential_2000
452,motor,,motor**,**,필수 영단어 2000,essential_2000
453,mount,,mount**,**,필수 영단어 2000,essential_2000
454,nerve,(nervous),nerve** (nervous),**,필수 영단어 2000,essential_2000
455,noise,,noise**,**,필수 영단어 2000,essential_2000
456,occur,(occurrence),occur** (occurrence),**,필수 영단어 2000,essential_2000
457,ocean,,ocean**,**,필수 영단어 2000,essential_2000
458,offer,,offer**,**,필수 영단어 2000,essential_2000
459,opera,,opera**,**,필수 영단어 2000,essential_2000
460,order,(disorder),order** (disorder),**,필수 영단어 2000,essential_2000
461,other,,other**,**,필수 영단어 2000,essential_2000
462,ought,,ought**,**,필수 영단어 2000,essential_2000
463,panic,,panic**,**,필수 영단어 2000,essential_2000
464,pause,,pause**,**,필수 영단어 2000,essential_2000
465,peace,(peaceful),peace** (peaceful),**,필수 영단어 2000,essential_2000
466,piece,,piece**,**,필수 영단어 2000,essential_2000
467,pitch,,pitch**,**,필수 영단어 2000,essential_2000
468,plain,,plain**,**,필수 영단어 2000,essential_2000
469,plane,,plane**,**,필수 영단어 2000,essential_2000
470,plant,,plant**,**,필수 영단어 2000,essential_2000
471,plate,,plate**,**,필수 영단어 2000,essential_2000
472,press,,press**,**,필수 영단어 2000,essential_2000
473,price,,price**,**,필수 영단어 2000,essential_2000
474,pride,,pride**,**,필수 영단어 2000,essential_2000
475,prime,(primary),prime** (primary),**,필수 영단어 2000,essential_2000
476,prize,,prize**,**,필수 영단어 2000,essential_2000
477,proud,,proud**,**,필수 영단어 2000,essential_2000
478,prove,,prove**,**,필수 영단어 2000,essential_2000
479,punch,,punch**,**,필수 영단어 2000,essential_2000
480,quite,,quite**,**,필수 영단어 2000,essential_2000
481,quote,,quote**,**,필수 영단어 2000,essential_2000
482,raise,,raise**,**,필수 영단어 2000,essential_2000
483,range,,range**,**,필수 영단어 2000,essential_2000
484,rapid,,rapid**,**,필수 영단어 2000,essential_2000
485,reach,,reach**,**,필수 영단어 2000,essential_2000
486,react,,react**,**,필수 영단어 2000,essential_2000
487,refer,,refer**,**,필수 영단어 2000,essential_2000
488,relax,,relax**,**,필수 영단어 2000,essential_2000
489,reply,,reply**,**,필수 영단어 2000,essential_2000
490,rough,,rough**,**,필수 영단어 2000,essential_2000
491,round,,round**,**,필수 영단어 2000,essential_2000
492,route,,route**,**,필수 영단어 2000,essential_2000
493,royal,,royal**,**,필수 영단어 2000,essential_2000
494,sauce,,sauce**,**,필수 영단어 2000,essential_2000
495,scale,,scale**,**,필수 영단어 2000,essential_2000
496,scare,,scare**,**,필수 영단어 2000,essential_2000
497,scarf,,scarf**,**,필수 영단어 2000,essential_2000
498,scene,,scene**,**,필수 영단어 2000,essential_2000
499,sense,(sensation),sense** (sensation),**,필수 영단어 2000,essential_2000
500,serve,,serve**,**,필수 영단어 2000,essential_2000
501,shade,,shade**,**,필수 영단어 2000,essential_2000
502,shake,,shake**,**,필수 영단어 2000,essential_2000
503,shall,,shall**,**,필수 영단어 2000,essential_2000
504,shame,,shame**,**,필수 영단어 2000,essential_2000
505,shape,,shape**,**,필수 영단어 2000,essential_2000
506,share,,share**,**,필수 영단어 2000,essential_2000
507,sharp,,sharp**,**,필수 영단어 2000,essential_2000
508,shave,,shave**,**,필수 영단어 2000,essential_2000
509,sheep,,sheep**,**,필수 영단어 2000,essential_2000
510,sheet,,sheet**,**,필수 영단어 2000,essential_2000
511,shelf,,shelf**,**,필수 영단어 2000,essential_2000
512,shell,,shell**,**,필수 영단어 2000,essential_2000
513,shift,,shift**,**,필수 영단어 2000,essential_2000
514,shine,,shine**,**,필수 영단어 2000,essential_2000
515,shock,,shock**,**,필수 영단어 2000,essential_2000
516,shoot,,shoot**,**,필수 영단어 2000,essential_2000
517,shore,,shore**,**,필수 영단어 2000,essential_2000
518,shout,,shout**,**,필수 영단어 2000,essential_2000
519,sight,,sight**,**,필수 영단어 2000,essential_2000
520,silly,,silly**,**,필수 영단어 2000,essential_2000
521,since,,since**,**,필수 영단어 2000,essential_2000
522,skill,,skill**,**,필수 영단어 2000,essential_2000
523,slave,,slave**,**,필수 영단어 2000,essential_2000
524,slide,,slide**,**,필수 영단어 2000,essential_2000
525,smart,,smart**,**,필수 영단어 2000,essential_2000
526,smash,,smash**,**,필수 영단어 2000,essential_2000
527,smoke,,smoke**,**,필수 영단어 2000,essential_2000
528,snack,,snack**,**,필수 영단어 2000,essential_2000
529,snake,,snake**,**,필수 영단어 2000,essential_2000
530,solid,,solid**,**,필수 영단어 2000,essential_2000
531,solve,,solve**,**,필수 영단어 2000,essential_2000
532,spare,,spare**,**,필수 영단어 2000,essential_2000
533,spell,,spell**,**,필수 영단어 2000,essential_2000
534,spend,,spend**,**,필수 영단어 2000,essential_2000
535,spoil,,spoil**,**,필수 영단어 2000,essential_2000
536,spray,,spray**,**,필수 영단어 2000,essential_2000
537,stage,,stage**,**,필수 영단어 2000,essential_2000
538,stamp,,stamp**,**,필수 영단어 2000,essential_2000
539,stare,,stare**,**,필수 영단어 2000,essential_2000
540,state,,state**,**,필수 영단어 2000,essential_2000
541,steal,,steal**,**,필수 영단어 2000,essential_2000
542,steam,,steam**,**,필수 영단어 2000,essential_2000
543,steel,,steel**,**,필수 영단어 2000,essential_2000
544,stick,,stick**,**,필수 영단어 2000,essential_2000
545,still,,still**,**,필수 영단어 2000,essential_2000
546,stock,,stock**,**,필수 영단어 2000,essential_2000
547,storm,,storm**,**,필수 영단어 2000,essential_2000
548,stuff,,stuff**,**,필수 영단어 2000,essential_2000
549,super,,super**,**,필수 영단어 2000,essential_2000
550,sweep,,sweep**,**,필수 영단어 2000,essential_2000
551,sweet,,sweet**,**,필수 영단어 2000,essential_2000
552,swing,,swing**,**,필수 영단어 2000,essential_2000
553,tense,,tense**,**,필수 영단어 2000,essential_2000
554,thick,,thick**,**,필수 영단어 2000,essential_2000
555,thief,,thief**,**,필수 영단어 2000,essential_2000
556,throw,,throw**,**,필수 영단어 2000,essential_2000
557,tight,,tight**,**,필수 영단어 2000,essential_2000
558,title,(entitle),title** (entitle),**,필수 영단어 2000,essential_2000
559,toast,,toast**,**,필수 영단어 2000,essential_2000
560,topic,,topic**,**,필수 영단어 2000,essential_2000
561,total,,total**,**,필수 영단어 2000,essential_2000
562,tough,,tough**,**,필수 영단어 2000,essential_2000
563,towel,,towel**,**,필수 영단어 2000,essential_2000
564,tower,,tower**,**,필수 영단어 2000,essential_2000
565,trace,,trace**,**,필수 영단어 2000,essential_2000
566,trade,,trade**,**,필수 영단어 2000,essential_2000
567,treat,,treat**,**,필수 영단어 2000,essential_2000
568,trick,,trick**,**,필수 영단어 2000,essential_2000
569,trunk,,trunk**,**,필수 영단어 2000,essential_2000
570,trust,,trust**,**,필수 영단어 2000,essential_2000
571,truth,,truth**,**,필수 영단어 2000,essential_2000
572,twist,,twist**,**,필수 영단어 2000,essential_2000
573,unite,(union),unite** (union),**,필수 영단어 2000,essential_2000
574,until,,until**,**,필수 영단어 2000,essential_2000
575,upper,,upper**,**,필수 영단어 2000,essential_2000
576,upset,,upset**,**,필수 영단어 2000,essential_2000
577,value,,value**,**,필수 영단어 2000,essential_2000
578,villa,,villa**,**,필수 영단어 2000,essential_2000
579,waste,,waste**,**,필수 영단어 2000,essential_2000
580,weigh,,weigh**,**,필수 영단어 2000,essential_2000
581,whale,,whale**,**,필수 영단어 2000,essential_2000
582,wheel,,wheel**,**,필수 영단어 2000,essential_2000
583,which,,which**,**,필수 영단어 2000,essential_2000
584,while,,while**,**,필수 영단어 2000,essential_2000
585,whole,,whole**,**,필수 영단어 2000,essential_2000
586,worth,,worth**,**,필수 영단어 2000,essential_2000
587,would,,would**,**,필수 영단어 2000,essential_2000
588,wound,,wound**,**,필수 영단어 2000,essential_2000
589,zebra,,zebra**,**,필수 영단어 2000,essential_2000
590,accent,,accent**,**,필수 영단어 2000,essential_2000
591,accept,,accept**,**,필수 영단어 2000,essential_2000
592,access,,access**,**,필수 영단어 2000,essential_2000
593,accuse,,accuse**,**,필수 영단어 2000,essential_2000
594,admire,,admire**,**,필수 영단어 2000,essential_2000
595,advice,,advice**,**,필수 영단어 2000,essential_2000
596,advise,,advise**,**,필수 영단어 2000,essential_2000
597,affair,,affair**,**,필수 영단어 2000,essential_2000
598,affect,(affection),affect** (affection),**,필수 영단어 2000,essential_2000
599,afford,,afford**,**,필수 영단어 2000,essential_2000
600,amount,,amount**,**,필수 영단어 2000,essential_2000
601,annual,,annual**,**,필수 영단어 2000,essential_2000
602,appeal,,appeal**,**,필수 영단어 2000,essential_2000
603,appear,(disappear),appear** (disappear),**,필수 영단어 2000,essential_2000
604,arrest,,arrest**,**,필수 영단어 2000,essential_2000
605,asleep,,asleep**,**,필수 영단어 2000,essential_2000
606,assess,,assess**,**,필수 영단어 2000,essential_2000
607,assign,(assignment),assign** (assignment),**,필수 영단어 2000,essential_2000
608,assist,(assistant),assist** (assistant),**,필수 영단어 2000,essential_2000
609,assume,,assume**,**,필수 영단어 2000,essential_2000
610,attach,,attach**,**,필수 영단어 2000,essential_2000
611,attack,,attack**,**,필수 영단어 2000,essential_2000
612,attend,,attend**,**,필수 영단어 2000,essential_2000
613,battle,,battle**,**,필수 영단어 2000,essential_2000
614,belief,,belief**,**,필수 영단어 2000,essential_2000
615,belong,,belong**,**,필수 영단어 2000,essential_2000
616,beyond,,beyond**,**,필수 영단어 2000,essential_2000
617,bitter,,bitter**,**,필수 영단어 2000,essential_2000
618,blonde,,blonde**,**,필수 영단어 2000,essential_2000
619,bother,,bother**,**,필수 영단어 2000,essential_2000
620,bounce,,bounce**,**,필수 영단어 2000,essential_2000
621,branch,,branch**,**,필수 영단어 2000,essential_2000
622,breast,,breast**,**,필수 영단어 2000,essential_2000
623,breath,,breath**,**,필수 영단어 2000,essential_2000
624,bubble,,bubble**,**,필수 영단어 2000,essential_2000
625,budget,,budget**,**,필수 영단어 2000,essential_2000
626,career,,career**,**,필수 영단어 2000,essential_2000
627,carpet,,carpet**,**,필수 영단어 2000,essential_2000
628,castle,,castle**,**,필수 영단어 2000,essential_2000
629,charge,(discharge),charge** (discharge),**,필수 영단어 2000,essential_2000
630,choice,,choice**,**,필수 영단어 2000,essential_2000
631,cinema,,cinema**,**,필수 영단어 2000,essential_2000
632,client,,client**,**,필수 영단어 2000,essential_2000
633,comedy,,comedy**,**,필수 영단어 2000,essential_2000
634,common,,common**,**,필수 영단어 2000,essential_2000
635,cotton,,cotton**,**,필수 영단어 2000,essential_2000
636,county,,county**,**,필수 영단어 2000,essential_2000
637,create,(creature),create** (creature),**,필수 영단어 2000,essential_2000
638,credit,,credit**,**,필수 영단어 2000,essential_2000
639,crisis,,crisis**,**,필수 영단어 2000,essential_2000
640,damage,,damage**,**,필수 영단어 2000,essential_2000
641,debate,,debate**,**,필수 영단어 2000,essential_2000
642,define,,define**,**,필수 영단어 2000,essential_2000
643,degree,,degree**,**,필수 영단어 2000,essential_2000
644,demand,,demand**,**,필수 영단어 2000,essential_2000
645,depend,"(dependence, independent)","depend** (dependence, independent)",**,필수 영단어 2000,essential_2000
646,desert,,desert**,**,필수 영단어 2000,essential_2000
647,desire,,desire**,**,필수 영단어 2000,essential_2000
648,detail,,detail**,**,필수 영단어 2000,essential_2000
649,detect,,detect**,**,필수 영단어 2000,essential_2000
650,direct,,direct**,**,필수 영단어 2000,essential_2000
651,divide,,divide**,**,필수 영단어 2000,essential_2000
652,donate,,donate**,**,필수 영단어 2000,essential_2000
653,effect,(effective),effect** (effective),**,필수 영단어 2000,essential_2000
654,effort,,effort**,**,필수 영단어 2000,essential_2000
655,either,,either**,**,필수 영단어 2000,essential_2000
656,empire,,empire**,**,필수 영단어 2000,essential_2000
657,employ,,employ**,**,필수 영단어 2000,essential_2000
658,engage,,engage**,**,필수 영단어 2000,essential_2000
659,engine,,engine**,**,필수 영단어 2000,essential_2000
660,entire,,entire**,**,필수 영단어 2000,essential_2000
661,escape,,escape**,**,필수 영단어 2000,essential_2000
662,except,,except**,**,필수 영단어 2000,essential_2000
663,excite,,excite**,**,필수 영단어 2000,essential_2000
664,excuse,,excuse**,**,필수 영단어 2000,essential_2000
665,expand,,expand**,**,필수 영단어 2000,essential_2000
666,expect,,expect**,**,필수 영단어 2000,essential_2000
667,expert,,expert**,**,필수 영단어 2000,essential_2000
668,expose,,expose**,**,필수 영단어 2000,essential_2000
669,extend,,extend**,**,필수 영단어 2000,essential_2000
670,factor,,factor**,**,필수 영단어 2000,essential_2000
671,fellow,,fellow**,**,필수 영단어 2000,essential_2000
672,female,,female**,**,필수 영단어 2000,essential_2000
673,figure,,figure**,**,필수 영단어 2000,essential_2000
674,flight,,flight**,**,필수 영단어 2000,essential_2000
675,follow,,follow**,**,필수 영단어 2000,essential_2000
676,freeze,,freeze**,**,필수 영단어 2000,essential_2000
677,fright,,fright**,**,필수 영단어 2000,essential_2000
678,garage,,garage**,**,필수 영단어 2000,essential_2000
679,gather,,gather**,**,필수 영단어 2000,essential_2000
680,gentle,,gentle**,**,필수 영단어 2000,essential_2000
681,glance,,glance**,**,필수 영단어 2000,essential_2000
682,govern,(government),govern** (government),**,필수 영단어 2000,essential_2000
683,handle,,handle**,**,필수 영단어 2000,essential_2000
684,happen,,happen**,**,필수 영단어 2000,essential_2000
685,health,(healthy),health** (healthy),**,필수 영단어 2000,essential_2000
686,heaven,,heaven**,**,필수 영단어 2000,essential_2000
687,height,,height**,**,필수 영단어 2000,essential_2000
688,hunger,(hungry),hunger** (hungry),**,필수 영단어 2000,essential_2000
689,ignore,,ignore**,**,필수 영단어 2000,essential_2000
690,income,,income**,**,필수 영단어 2000,essential_2000
691,indeed,,indeed**,**,필수 영단어 2000,essential_2000
692,inform,,inform**,**,필수 영단어 2000,essential_2000
693,injure,,injure**,**,필수 영단어 2000,essential_2000
694,insist,,insist**,**,필수 영단어 2000,essential_2000
695,insure,(insurance),insure** (insurance),**,필수 영단어 2000,essential_2000
696,intend,,intend**,**,필수 영단어 2000,essential_2000
697,intent,(intention),intent** (intention),**,필수 영단어 2000,essential_2000
698,invent,(inventor),invent** (inventor),**,필수 영단어 2000,essential_2000
699,invest,,invest**,**,필수 영단어 2000,essential_2000
700,island,,island**,**,필수 영단어 2000,essential_2000
701,junior,,junior**,**,필수 영단어 2000,essential_2000
702,lawyer,,lawyer**,**,필수 영단어 2000,essential_2000
703,league,,league**,**,필수 영단어 2000,essential_2000
704,locate,,locate**,**,필수 영단어 2000,essential_2000
705,manage,,manage**,**,필수 영단어 2000,essential_2000
706,manner,,manner**,**,필수 영단어 2000,essential_2000
707,marvel,,marvel**,**,필수 영단어 2000,essential_2000
708,master,,master**,**,필수 영단어 2000,essential_2000
709,matter,(material),matter** (material),**,필수 영단어 2000,essential_2000
710,mental,,mental**,**,필수 영단어 2000,essential_2000
711,method,,method**,**,필수 영단어 2000,essential_2000
712,minute,,minute**,**,필수 영단어 2000,essential_2000
713,mirror,,mirror**,**,필수 영단어 2000,essential_2000
714,modern,,modern**,**,필수 영단어 2000,essential_2000
715,moment,,moment**,**,필수 영단어 2000,essential_2000
716,motion,,motion**,**,필수 영단어 2000,essential_2000
717,muscle,,muscle**,**,필수 영단어 2000,essential_2000
718,museum,,museum**,**,필수 영단어 2000,essential_2000
719,narrow,,narrow**,**,필수 영단어 2000,essential_2000
720,native,,native**,**,필수 영단어 2000,essential_2000
721,notice,,notice**,**,필수 영단어 2000,essential_2000
722,object,(objective),object** (objective),**,필수 영단어 2000,essential_2000
723,oppose,,oppose**,**,필수 영단어 2000,essential_2000
724,palace,,palace**,**,필수 영단어 2000,essential_2000
725,parade,,parade**,**,필수 영단어 2000,essential_2000
726,pardon,,pardon**,**,필수 영단어 2000,essential_2000
727,pepper,,pepper**,**,필수 영단어 2000,essential_2000
728,period,,period**,**,필수 영단어 2000,essential_2000
729,person,(personality),person** (personality),**,필수 영단어 2000,essential_2000
730,picnic,,picnic**,**,필수 영단어 2000,essential_2000
731,planet,,planet**,**,필수 영단어 2000,essential_2000
732,plenty,,plenty**,**,필수 영단어 2000,essential_2000
733,pocket,,pocket**,**,필수 영단어 2000,essential_2000
734,poison,,poison**,**,필수 영단어 2000,essential_2000
735,policy,,policy**,**,필수 영단어 2000,essential_2000
736,polite,,polite**,**,필수 영단어 2000,essential_2000
737,powder,,powder**,**,필수 영단어 2000,essential_2000
738,prefer,,prefer**,**,필수 영단어 2000,essential_2000
739,prison,,prison**,**,필수 영단어 2000,essential_2000
740,profit,,profit**,**,필수 영단어 2000,essential_2000
741,proper,,proper**,**,필수 영단어 2000,essential_2000
742,public,,public**,**,필수 영단어 2000,essential_2000
743,punish,,punish**,**,필수 영단어 2000,essential_2000
744,purple,,purple**,**,필수 영단어 2000,essential_2000
745,puzzle,,puzzle**,**,필수 영단어 2000,essential_2000
746,rather,,rather**,**,필수 영단어 2000,essential_2000
747,reason,(reasonable),reason** (reasonable),**,필수 영단어 2000,essential_2000
748,recent,,recent**,**,필수 영단어 2000,essential_2000
749,recipe,,recipe**,**,필수 영단어 2000,essential_2000
750,record,,record**,**,필수 영단어 2000,essential_2000
751,reduce,,reduce**,**,필수 영단어 2000,essential_2000
752,refuse,,refuse**,**,필수 영단어 2000,essential_2000
753,regard,,regard**,**,필수 영단어 2000,essential_2000
754,region,,region**,**,필수 영단어 2000,essential_2000
755,relate,"(relative, relation, relationship)","relate** (relative, relation, relationship)",**,필수 영단어 2000,essential_2000
756,relief,,relief**,**,필수 영단어 2000,essential_2000
757,remain,,remain**,**,필수 영단어 2000,essential_2000
758,remark,,remark**,**,필수 영단어 2000,essential_2000
759,remind,,remind**,**,필수 영단어 2000,essential_2000
760,remove,,remove**,**,필수 영단어 2000,essential_2000
761,repair,,repair**,**,필수 영단어 2000,essential_2000
762,repeat,,repeat**,**,필수 영단어 2000,essential_2000
763,report,,report**,**,필수 영단어 2000,essential_2000
764,resist,,resist**,**,필수 영단어 2000,essential_2000
765,result,,result**,**,필수 영단어 2000,essential_2000
766,retire,,retire**,**,필수 영단어 2000,essential_2000
767,rocket,,rocket**,**,필수 영단어 2000,essential_2000
768,salary,,salary**,**,필수 영단어 2000,essential_2000
769,sample,,sample**,**,필수 영단어 2000,essential_2000
770,scream,,scream**,**,필수 영단어 2000,essential_2000
771,screen,,screen**,**,필수 영단어 2000,essential_2000
772,search,,search**,**,필수 영단어 2000,essential_2000
773,secret,,secret**,**,필수 영단어 2000,essential_2000
774,secure,,secure**,**,필수 영단어 2000,essential_2000
775,select,,select**,**,필수 영단어 2000,essential_2000
776,senior,,senior**,**,필수 영단어 2000,essential_2000
777,series,,series**,**,필수 영단어 2000,essential_2000
778,settle,,settle**,**,필수 영단어 2000,essential_2000
779,shadow,,shadow**,**,필수 영단어 2000,essential_2000
780,shower,,shower**,**,필수 영단어 2000,essential_2000
781,silver,,silver**,**,필수 영단어 2000,essential_2000
782,simple,,simple**,**,필수 영단어 2000,essential_2000
783,single,,single**,**,필수 영단어 2000,essential_2000
784,slight,,slight**,**,필수 영단어 2000,essential_2000
785,smooth,,smooth**,**,필수 영단어 2000,essential_2000
786,social,,social**,**,필수 영단어 2000,essential_2000
787,source,,source**,**,필수 영단어 2000,essential_2000
788,speech,,speech**,**,필수 영단어 2000,essential_2000
789,spirit,,spirit**,**,필수 영단어 2000,essential_2000
790,spread,,spread**,**,필수 영단어 2000,essential_2000
791,square,,square**,**,필수 영단어 2000,essential_2000
792,stable,,stable**,**,필수 영단어 2000,essential_2000
793,stairs,,stairs**,**,필수 영단어 2000,essential_2000
794,steady,,steady**,**,필수 영단어 2000,essential_2000
795,stream,,stream**,**,필수 영단어 2000,essential_2000
796,stress,,stress**,**,필수 영단어 2000,essential_2000
797,strike,,strike**,**,필수 영단어 2000,essential_2000
798,string,,string**,**,필수 영단어 2000,essential_2000
799,studio,,studio**,**,필수 영단어 2000,essential_2000
800,sudden,,sudden**,**,필수 영단어 2000,essential_2000
801,suffer,,suffer**,**,필수 영단어 2000,essential_2000
802,supper,,supper**,**,필수 영단어 2000,essential_2000
803,supply,,supply**,**,필수 영단어 2000,essential_2000
804,survey,,survey**,**,필수 영단어 2000,essential_2000
805,switch,,switch**,**,필수 영단어 2000,essential_2000
806,system,,system**,**,필수 영단어 2000,essential_2000
807,target,,target**,**,필수 영단어 2000,essential_2000
808,theory,,theory**,**,필수 영단어 2000,essential_2000
809,though,,though**,**,필수 영단어 2000,essential_2000
810,threat,,threat**,**,필수 영단어 2000,essential_2000
811,throat,,throat**,**,필수 영단어 2000,essential_2000
812,toilet,,toilet**,**,필수 영단어 2000,essential_2000
813,tongue,,tongue**,**,필수 영단어 2000,essential_2000
814,toward,/ towards,toward** / towards**,**,필수 영단어 2000,essential_2000
815,unless,,unless**,**,필수 영단어 2000,essential_2000
816,valley,,valley**,**,필수 영단어 2000,essential_2000
817,victim,,victim**,**,필수 영단어 2000,essential_2000
818,vision,,vision**,**,필수 영단어 2000,essential_2000
819,volume,,volume**,**,필수 영단어 2000,essential_2000
820,weapon,,weapon**,**,필수 영단어 2000,essential_2000
821,within,,within**,**,필수 영단어 2000,essential_2000
822,wonder,,wonder**,**,필수 영단어 2000,essential_2000
823,account,,account**,**,필수 영단어 2000,essential_2000
824,achieve,,achieve**,**,필수 영단어 2000,essential_2000
825,advance,,advance**,**,필수 영단어 2000,essential_2000
826,airline,,airline**,**,필수 영단어 2000,essential_2000
827,airport,,airport**,**,필수 영단어 2000,essential_2000
828,alcohol,,alcohol**,**,필수 영단어 2000,essential_2000
829,anxious,,anxious**,**,필수 영단어 2000,essential_2000
830,appoint,,appoint**,**,필수 영단어 2000,essential_2000
831,arrange,,arrange**,**,필수 영단어 2000,essential_2000
832,article,,article**,**,필수 영단어 2000,essential_2000
833,attempt,,attempt**,**,필수 영단어 2000,essential_2000
834,attract,,attract**,**,필수 영단어 2000,essential_2000
835,average,,average**,**,필수 영단어 2000,essential_2000
836,awkward,,awkward**,**,필수 영단어 2000,essential_2000
837,balance,,balance**,**,필수 영단어 2000,essential_2000
838,balloon,,balloon**,**,필수 영단어 2000,essential_2000
839,battery,,battery**,**,필수 영단어 2000,essential_2000
840,beneath,,beneath**,**,필수 영단어 2000,essential_2000
841,benefit,,benefit**,**,필수 영단어 2000,essential_2000
842,billion,,billion**,**,필수 영단어 2000,essential_2000
843,blanket,,blanket**,**,필수 영단어 2000,essential_2000
844,breathe,,breathe**,**,필수 영단어 2000,essential_2000
845,capable,,capable**,**,필수 영단어 2000,essential_2000
846,capital,,capital**,**,필수 영단어 2000,essential_2000
847,captain,,captain**,**,필수 영단어 2000,essential_2000
848,ceiling,,ceiling**,**,필수 영단어 2000,essential_2000
849,century,,century**,**,필수 영단어 2000,essential_2000
850,channel,,channel**,**,필수 영단어 2000,essential_2000
851,citizen,,citizen**,**,필수 영단어 2000,essential_2000
852,climate,,climate**,**,필수 영단어 2000,essential_2000
853,combine,,combine**,**,필수 영단어 2000,essential_2000
854,comfort,(comfortable),comfort** (comfortable),**,필수 영단어 2000,essential_2000
855,command,,command**,**,필수 영단어 2000,essential_2000
856,comment,,comment**,**,필수 영단어 2000,essential_2000
857,compare,,compare**,**,필수 영단어 2000,essential_2000
858,complex,(complexity),complex** (complexity),**,필수 영단어 2000,essential_2000
859,concept,,concept**,**,필수 영단어 2000,essential_2000
860,concern,,concern**,**,필수 영단어 2000,essential_2000
861,concert,,concert**,**,필수 영단어 2000,essential_2000
862,confirm,,confirm**,**,필수 영단어 2000,essential_2000
863,confuse,,confuse**,**,필수 영단어 2000,essential_2000
864,connect,,connect**,**,필수 영단어 2000,essential_2000
865,consume,"(consumer, consumption)","consume** (consumer, consumption)",**,필수 영단어 2000,essential_2000
866,contact,,contact**,**,필수 영단어 2000,essential_2000
867,contain,,contain**,**,필수 영단어 2000,essential_2000
868,content,,content**,**,필수 영단어 2000,essential_2000
869,contest,,contest**,**,필수 영단어 2000,essential_2000
870,context,,context**,**,필수 영단어 2000,essential_2000
871,correct,,correct**,**,필수 영단어 2000,essential_2000
872,cottage,,cottage**,**,필수 영단어 2000,essential_2000
873,council,,council**,**,필수 영단어 2000,essential_2000
874,curious,(curiosity),curious** (curiosity),**,필수 영단어 2000,essential_2000
875,current,,current**,**,필수 영단어 2000,essential_2000
876,darling,,darling**,**,필수 영단어 2000,essential_2000
877,defense,/ defence,defense** / defence**,**,필수 영단어 2000,essential_2000
878,delight,,delight**,**,필수 영단어 2000,essential_2000
879,deliver,,deliver**,**,필수 영단어 2000,essential_2000
880,dentist,,dentist**,**,필수 영단어 2000,essential_2000
881,depress,,depress**,**,필수 영단어 2000,essential_2000
882,deserve,,deserve**,**,필수 영단어 2000,essential_2000
883,despite,,despite**,**,필수 영단어 2000,essential_2000
884,destroy,,destroy**,**,필수 영단어 2000,essential_2000
885,develop,,develop**,**,필수 영단어 2000,essential_2000
886,disgust,,disgust**,**,필수 영단어 2000,essential_2000
887,display,,display**,**,필수 영단어 2000,essential_2000
888,disturb,,disturb**,**,필수 영단어 2000,essential_2000
889,divorce,,divorce**,**,필수 영단어 2000,essential_2000
890,dolphin,,dolphin**,**,필수 영단어 2000,essential_2000
891,economy,,economy**,**,필수 영단어 2000,essential_2000
892,educate,,educate**,**,필수 영단어 2000,essential_2000
893,element,(elementary),element** (elementary),**,필수 영단어 2000,essential_2000
894,emotion,,emotion**,**,필수 영단어 2000,essential_2000
895,examine,(examination / exam),examine** (examination / exam),**,필수 영단어 2000,essential_2000
896,exhaust,,exhaust**,**,필수 영단어 2000,essential_2000
897,expense,(expensive),expense** (expensive),**,필수 영단어 2000,essential_2000
898,explain,,explain**,**,필수 영단어 2000,essential_2000
899,express,,express**,**,필수 영단어 2000,essential_2000
900,extreme,,extreme**,**,필수 영단어 2000,essential_2000
901,factory,,factory**,**,필수 영단어 2000,essential_2000
902,fashion,,fashion**,**,필수 영단어 2000,essential_2000
903,feature,,feature**,**,필수 영단어 2000,essential_2000
904,finance,,finance**,**,필수 영단어 2000,essential_2000
905,foreign,,foreign**,**,필수 영단어 2000,essential_2000
906,forever,,forever**,**,필수 영단어 2000,essential_2000
907,forgive,,forgive**,**,필수 영단어 2000,essential_2000
908,fortune,,fortune**,**,필수 영단어 2000,essential_2000
909,forward,,forward**,**,필수 영단어 2000,essential_2000
910,frankly,,frankly**,**,필수 영단어 2000,essential_2000
911,general,,general**,**,필수 영단어 2000,essential_2000
912,gesture,,gesture**,**,필수 영단어 2000,essential_2000
913,giraffe,,giraffe**,**,필수 영단어 2000,essential_2000
914,grocery,,grocery**,**,필수 영단어 2000,essential_2000
915,highway,,highway**,**,필수 영단어 2000,essential_2000
916,imagine,,imagine**,**,필수 영단어 2000,essential_2000
917,impress,,impress**,**,필수 영단어 2000,essential_2000
918,improve,,improve**,**,필수 영단어 2000,essential_2000
919,include,,include**,**,필수 영단어 2000,essential_2000
920,inspect,,inspect**,**,필수 영단어 2000,essential_2000
921,instant,,instant**,**,필수 영단어 2000,essential_2000
922,instead,,instead**,**,필수 영단어 2000,essential_2000
923,intense,,intense**,**,필수 영단어 2000,essential_2000
924,involve,,involve**,**,필수 영단어 2000,essential_2000
925,journey,,journey**,**,필수 영단어 2000,essential_2000
926,justice,,justice**,**,필수 영단어 2000,essential_2000
927,license,/ licence,license** / licence**,**,필수 영단어 2000,essential_2000
928,machine,,machine**,**,필수 영단어 2000,essential_2000
929,maximum,,maximum**,**,필수 영단어 2000,essential_2000
930,measure,,measure**,**,필수 영단어 2000,essential_2000
931,medical,,medical**,**,필수 영단어 2000,essential_2000
932,mention,,mention**,**,필수 영단어 2000,essential_2000
933,message,,message**,**,필수 영단어 2000,essential_2000
934,mission,,mission**,**,필수 영단어 2000,essential_2000
935,monitor,,monitor**,**,필수 영단어 2000,essential_2000
936,mystery,,mystery**,**,필수 영단어 2000,essential_2000
937,neither,,neither**,**,필수 영단어 2000,essential_2000
938,nowhere,,nowhere**,**,필수 영단어 2000,essential_2000
939,observe,,observe**,**,필수 영단어 2000,essential_2000
940,obvious,,obvious**,**,필수 영단어 2000,essential_2000
941,officer,,officer**,**,필수 영단어 2000,essential_2000
942,operate,,operate**,**,필수 영단어 2000,essential_2000
943,opinion,,opinion**,**,필수 영단어 2000,essential_2000
944,overall,,overall**,**,필수 영단어 2000,essential_2000
945,patient,,patient**,**,필수 영단어 2000,essential_2000
946,pattern,,pattern**,**,필수 영단어 2000,essential_2000
947,perfect,,perfect**,**,필수 영단어 2000,essential_2000
948,perform,,perform**,**,필수 영단어 2000,essential_2000
949,perhaps,,perhaps**,**,필수 영단어 2000,essential_2000
950,pollute,,pollute**,**,필수 영단어 2000,essential_2000
951,popular,,popular**,**,필수 영단어 2000,essential_2000
952,possess,,possess**,**,필수 영단어 2000,essential_2000
953,prepare,,prepare**,**,필수 영단어 2000,essential_2000
954,pretend,,pretend**,**,필수 영단어 2000,essential_2000
955,prevent,,prevent**,**,필수 영단어 2000,essential_2000
956,privacy,,privacy**,**,필수 영단어 2000,essential_2000
957,private,,private**,**,필수 영단어 2000,essential_2000
958,proceed,(procedure),proceed** (procedure),**,필수 영단어 2000,essential_2000
959,process,,process**,**,필수 영단어 2000,essential_2000
960,produce,,produce**,**,필수 영단어 2000,essential_2000
961,promise,,promise**,**,필수 영단어 2000,essential_2000
962,promote,,promote**,**,필수 영단어 2000,essential_2000
963,propose,,propose**,**,필수 영단어 2000,essential_2000
964,protect,,protect**,**,필수 영단어 2000,essential_2000
965,protest,,protest**,**,필수 영단어 2000,essential_2000
966,provide,,provide**,**,필수 영단어 2000,essential_2000
967,purpose,,purpose**,**,필수 영단어 2000,essential_2000
968,quality,(qualify),quality** (qualify),**,필수 영단어 2000,essential_2000
969,quarter,,quarter**,**,필수 영단어 2000,essential_2000
970,rainbow,,rainbow**,**,필수 영단어 2000,essential_2000
971,receive,(reception),receive** (reception),**,필수 영단어 2000,essential_2000
972,recover,,recover**,**,필수 영단어 2000,essential_2000
973,reflect,,reflect**,**,필수 영단어 2000,essential_2000
974,regular,,regular**,**,필수 영단어 2000,essential_2000
975,release,,release**,**,필수 영단어 2000,essential_2000
976,replace,,replace**,**,필수 영단어 2000,essential_2000
977,request,,request**,**,필수 영단어 2000,essential_2000
978,require,,require**,**,필수 영단어 2000,essential_2000
979,reserve,,reserve**,**,필수 영단어 2000,essential_2000
980,respect,(respective),respect** (respective),**,필수 영단어 2000,essential_2000
981,respond,,respond**,**,필수 영단어 2000,essential_2000
982,satisfy,,satisfy**,**,필수 영단어 2000,essential_2000
983,scratch,,scratch**,**,필수 영단어 2000,essential_2000
984,section,,section**,**,필수 영단어 2000,essential_2000
985,serious,,serious**,**,필수 영단어 2000,essential_2000
986,session,,session**,**,필수 영단어 2000,essential_2000
987,several,,several**,**,필수 영단어 2000,essential_2000
988,shelter,,shelter**,**,필수 영단어 2000,essential_2000
989,similar,,similar**,**,필수 영단어 2000,essential_2000
990,situate,(situation),situate** (situation),**,필수 영단어 2000,essential_2000
991,society,,society**,**,필수 영단어 2000,essential_2000
992,soldier,,soldier**,**,필수 영단어 2000,essential_2000
993,species,(special),species** (special),**,필수 영단어 2000,essential_2000
994,sponsor,,sponsor**,**,필수 영단어 2000,essential_2000
995,station,,station**,**,필수 영단어 2000,essential_2000
996,stomach,,stomach**,**,필수 영단어 2000,essential_2000
997,strange,,strange**,**,필수 영단어 2000,essential_2000
998,stretch,,stretch**,**,필수 영단어 2000,essential_2000
999,subject,(subjective),subject** (subjective),**,필수 영단어 2000,essential_2000
1000,succeed,,succeed**,**,필수 영단어 2000,essential_2000
1001,success,,success**,**,필수 영단어 2000,essential_2000
1002,suggest,,suggest**,**,필수 영단어 2000,essential_2000
1003,support,,support**,**,필수 영단어 2000,essential_2000
1004,suppose,,suppose**,**,필수 영단어 2000,essential_2000
1005,surface,,surface**,**,필수 영단어 2000,essential_2000
1006,survive,,survive**,**,필수 영단어 2000,essential_2000
1007,suspect,,suspect**,**,필수 영단어 2000,essential_2000
1008,swallow,,swallow**,**,필수 영단어 2000,essential_2000
1009,sweater,,sweater**,**,필수 영단어 2000,essential_2000
1010,teenage,,teenage**,**,필수 영단어 2000,essential_2000
1011,theater,/ theatre,theater** / theatre**,**,필수 영단어 2000,essential_2000
1012,through,,through**,**,필수 영단어 2000,essential_2000
1013,traffic,,traffic**,**,필수 영단어 2000,essential_2000
1014,trouble,,trouble**,**,필수 영단어 2000,essential_2000
1015,uniform,,uniform**,**,필수 영단어 2000,essential_2000
1016,various,,various**,**,필수 영단어 2000,essential_2000
1017,vehicle,,vehicle**,**,필수 영단어 2000,essential_2000
1018,version,,version**,**,필수 영단어 2000,essential_2000
1019,village,,village**,**,필수 영단어 2000,essential_2000
1020,violent,,violent**,**,필수 영단어 2000,essential_2000
1021,whether,,whether**,**,필수 영단어 2000,essential_2000
1022,whisper,,whisper**,**,필수 영단어 2000,essential_2000
1023,whistle,,whistle**,**,필수 영단어 2000,essential_2000
1024,without,,without**,**,필수 영단어 2000,essential_2000
1025,absolute,,absolute**,**,필수 영단어 2000,essential_2000
1026,accident,,accident**,**,필수 영단어 2000,essential_2000
1027,although,,although**,**,필수 영단어 2000,essential_2000
1028,analysis,,analysis**,**,필수 영단어 2000,essential_2000
1029,announce,,announce**,**,필수 영단어 2000,essential_2000
1030,approach,,approach**,**,필수 영단어 2000,essential_2000
1031,attitude,,attitude**,**,필수 영단어 2000,essential_2000
1032,audience,,audience**,**,필수 영단어 2000,essential_2000
1033,calendar,,calendar**,**,필수 영단어 2000,essential_2000
1034,category,,category**,**,필수 영단어 2000,essential_2000
1035,chairman,,chairman**,**,필수 영단어 2000,essential_2000
1036,champion,,champion**,**,필수 영단어 2000,essential_2000
1037,commerce,,commerce**,**,필수 영단어 2000,essential_2000
1038,complain,,complain**,**,필수 영단어 2000,essential_2000
1039,complete,,complete**,**,필수 영단어 2000,essential_2000
1040,conflict,,conflict**,**,필수 영단어 2000,essential_2000
1041,consider,,consider**,**,필수 영단어 2000,essential_2000
1042,constant,,constant**,**,필수 영단어 2000,essential_2000
1043,continue,,continue**,**,필수 영단어 2000,essential_2000
1044,contract,,contract**,**,필수 영단어 2000,essential_2000
1045,converse,(conversation),converse** (conversation),**,필수 영단어 2000,essential_2000
1046,convince,,convince**,**,필수 영단어 2000,essential_2000
1047,decorate,,decorate**,**,필수 영단어 2000,essential_2000
1048,definite,,definite**,**,필수 영단어 2000,essential_2000
1049,describe,(description),describe** (description),**,필수 영단어 2000,essential_2000
1050,distance,,distance**,**,필수 영단어 2000,essential_2000
1051,district,,district**,**,필수 영단어 2000,essential_2000
1052,document,,document**,**,필수 영단어 2000,essential_2000
1053,domestic,,domestic**,**,필수 영단어 2000,essential_2000
1054,electric,,electric**,**,필수 영단어 2000,essential_2000
1055,engineer,,engineer**,**,필수 영단어 2000,essential_2000
1056,enormous,,enormous**,**,필수 영단어 2000,essential_2000
1057,envelope,,envelope**,**,필수 영단어 2000,essential_2000
1058,especial,(especially),especial** (especially),**,필수 영단어 2000,essential_2000
1059,estimate,,estimate**,**,필수 영단어 2000,essential_2000
1060,evidence,,evidence**,**,필수 영단어 2000,essential_2000
1061,exchange,,exchange**,**,필수 영단어 2000,essential_2000
1062,familiar,,familiar**,**,필수 영단어 2000,essential_2000
1063,function,,function**,**,필수 영단어 2000,essential_2000
1064,gorgeous,,gorgeous**,**,필수 영단어 2000,essential_2000
1065,handsome,,handsome**,**,필수 영단어 2000,essential_2000
1066,hesitate,,hesitate**,**,필수 영단어 2000,essential_2000
1067,identity,(identify),identity** (identify),**,필수 영단어 2000,essential_2000
1068,increase,,increase**,**,필수 영단어 2000,essential_2000
1069,indicate,,indicate**,**,필수 영단어 2000,essential_2000
1070,industry,,industry**,**,필수 영단어 2000,essential_2000
1071,innocent,,innocent**,**,필수 영단어 2000,essential_2000
1072,instance,,instance**,**,필수 영단어 2000,essential_2000
1073,instruct,,instruct**,**,필수 영단어 2000,essential_2000
1074,interest,,interest**,**,필수 영단어 2000,essential_2000
1075,internal,,internal**,**,필수 영단어 2000,essential_2000
1076,language,,language**,**,필수 영단어 2000,essential_2000
1077,magazine,,magazine**,**,필수 영단어 2000,essential_2000
1078,maintain,,maintain**,**,필수 영단어 2000,essential_2000
1079,medicine,,medicine**,**,필수 영단어 2000,essential_2000
1080,military,,military**,**,필수 영단어 2000,essential_2000
1081,moreover,,moreover**,**,필수 영단어 2000,essential_2000
1082,mushroom,,mushroom**,**,필수 영단어 2000,essential_2000
1083,neighbor,/ neighbour,neighbor** / neighbour**,**,필수 영단어 2000,essential_2000
1084,nowadays,,nowadays**,**,필수 영단어 2000,essential_2000
1085,occasion,,occasion**,**,필수 영단어 2000,essential_2000
1086,ordinary,,ordinary**,**,필수 영단어 2000,essential_2000
1087,physical,,physical**,**,필수 영단어 2000,essential_2000
1088,politics,,politics**,**,필수 영단어 2000,essential_2000
1089,possible,,possible**,**,필수 영단어 2000,essential_2000
1090,practice,/ practise,practice** / practise**,**,필수 영단어 2000,essential_2000
1091,pregnant,,pregnant**,**,필수 영단어 2000,essential_2000
1092,presence,,presence**,**,필수 영단어 2000,essential_2000
1093,previous,,previous**,**,필수 영단어 2000,essential_2000
1094,probable,(probably),probable** (probably),**,필수 영단어 2000,essential_2000
1095,progress,,progress**,**,필수 영단어 2000,essential_2000
1096,property,,property**,**,필수 영단어 2000,essential_2000
1097,purchase,,purchase**,**,필수 영단어 2000,essential_2000
1098,register,,register**,**,필수 영단어 2000,essential_2000
1099,research,,research**,**,필수 영단어 2000,essential_2000
1100,resource,,resource**,**,필수 영단어 2000,essential_2000
1101,schedule,,schedule**,**,필수 영단어 2000,essential_2000
1102,sentence,,sentence**,**,필수 영단어 2000,essential_2000
1103,separate,,separate**,**,필수 영단어 2000,essential_2000
1104,shoulder,,shoulder**,**,필수 영단어 2000,essential_2000
1105,somewhat,,somewhat**,**,필수 영단어 2000,essential_2000
1106,specific,,specific**,**,필수 영단어 2000,essential_2000
1107,standard,,standard**,**,필수 영단어 2000,essential_2000
1108,straight,,straight**,**,필수 영단어 2000,essential_2000
1109,strategy,,strategy**,**,필수 영단어 2000,essential_2000
1110,struggle,,struggle**,**,필수 영단어 2000,essential_2000
1111,surprise,,surprise**,**,필수 영단어 2000,essential_2000
1112,surround,,surround**,**,필수 영단어 2000,essential_2000
1113,terrible,,terrible**,**,필수 영단어 2000,essential_2000
1114,thousand,,thousand**,**,필수 영단어 2000,essential_2000
1115,transfer,,transfer**,**,필수 영단어 2000,essential_2000
1116,triangle,,triangle**,**,필수 영단어 2000,essential_2000
1117,advantage,(disadvantage),advantage** (disadvantage),**,필수 영단어 2000,essential_2000
1118,adventure,,adventure**,**,필수 영단어 2000,essential_2000
1119,advertize,/ advertise,advertize** / advertise**,**,필수 영단어 2000,essential_2000
1120,ambulance,,ambulance**,**,필수 영단어 2000,essential_2000
1121,associate,,associate**,**,필수 영단어 2000,essential_2000
1122,attention,,attention**,**,필수 영단어 2000,essential_2000
1123,automatic,,automatic**,**,필수 영단어 2000,essential_2000
1124,brilliant,,brilliant**,**,필수 영단어 2000,essential_2000
1125,calculate,(calculator),calculate** (calculator),**,필수 영단어 2000,essential_2000
1126,catalogue,/ catalog,catalogue** / catalog**,**,필수 영단어 2000,essential_2000
1127,challenge,,challenge**,**,필수 영단어 2000,essential_2000
1128,character,,character**,**,필수 영단어 2000,essential_2000
1129,cigarette,,cigarette**,**,필수 영단어 2000,essential_2000
1130,committee,,committee**,**,필수 영단어 2000,essential_2000
1131,community,,community**,**,필수 영단어 2000,essential_2000
1132,conscious,,conscious**,**,필수 영단어 2000,essential_2000
1133,desperate,,desperate**,**,필수 영단어 2000,essential_2000
1134,determine,,determine**,**,필수 영단어 2000,essential_2000
1135,embarrass,,embarrass**,**,필수 영단어 2000,essential_2000
1136,emphasize,,emphasize**,**,필수 영단어 2000,essential_2000
1137,entertain,,entertain**,**,필수 영단어 2000,essential_2000
1138,establish,,establish**,**,필수 영단어 2000,essential_2000
1139,fantastic,,fantastic**,**,필수 영단어 2000,essential_2000
1140,fascinate,,fascinate**,**,필수 영단어 2000,essential_2000
1141,fortunate,,fortunate**,**,필수 영단어 2000,essential_2000
1142,frustrate,,frustrate**,**,필수 영단어 2000,essential_2000
1143,furniture,,furniture**,**,필수 영단어 2000,essential_2000
1144,guarantee,,guarantee**,**,필수 영단어 2000,essential_2000
1145,immediate,,immediate**,**,필수 영단어 2000,essential_2000
1146,influence,,influence**,**,필수 영단어 2000,essential_2000
1147,interrupt,,interrupt**,**,필수 영단어 2000,essential_2000
1148,knowledge,,knowledge**,**,필수 영단어 2000,essential_2000
1149,microwave,,microwave**,**,필수 영단어 2000,essential_2000
1150,necessary,,necessary**,**,필수 영단어 2000,essential_2000
1151,otherwise,,otherwise**,**,필수 영단어 2000,essential_2000
1152,paragraph,,paragraph**,**,필수 영단어 2000,essential_2000
1153,potential,,potential**,**,필수 영단어 2000,essential_2000
1154,practical,,practical**,**,필수 영단어 2000,essential_2000
1155,principle,,principle**,**,필수 영단어 2000,essential_2000
1156,pronounce,(pronunciation),pronounce** (pronunciation),**,필수 영단어 2000,essential_2000
1157,recognize,,recognize**,**,필수 영단어 2000,essential_2000
1158,recommend,,recommend**,**,필수 영단어 2000,essential_2000
1159,represent,,represent**,**,필수 영단어 2000,essential_2000
1160,secretary,,secretary**,**,필수 영단어 2000,essential_2000
1161,structure,,structure**,**,필수 영단어 2000,essential_2000
1162,technique,/ technic,technique** / technic**,**,필수 영단어 2000,essential_2000
1163,therefore,,therefore**,**,필수 영단어 2000,essential_2000
1164,tradition,,tradition**,**,필수 영단어 2000,essential_2000
1165,transport,(transportation),transport** (transportation),**,필수 영단어 2000,essential_2000
1166,volunteer,,volunteer**,**,필수 영단어 2000,essential_2000
1167,altogether,,altogether**,**,필수 영단어 2000,essential_2000
1168,appreciate,,appreciate**,**,필수 영단어 2000,essential_2000
1169,atmosphere,,atmosphere**,**,필수 영단어 2000,essential_2000
1170,background,,background**,**,필수 영단어 2000,essential_2000
1171,complicate,,complicate**,**,필수 영단어 2000,essential_2000
1172,contribute,,contribute**,**,필수 영단어 2000,essential_2000
1173,dictionary,,dictionary**,**,필수 영단어 2000,essential_2000
1174,disappoint,,disappoint**,**,필수 영단어 2000,essential_2000
1175,discipline,,discipline**,**,필수 영단어 2000,essential_2000
1176,experience,,experience**,**,필수 영단어 2000,essential_2000
1177,experiment,,experiment**,**,필수 영단어 2000,essential_2000
1178,helicopter,,helicopter**,**,필수 영단어 2000,essential_2000
1179,illustrate,,illustrate**,**,필수 영단어 2000,essential_2000
1180,individual,,individual**,**,필수 영단어 2000,essential_2000
1181,instrument,,instrument**,**,필수 영단어 2000,essential_2000
1182,laboratory,/ lab,laboratory** / lab**,**,필수 영단어 2000,essential_2000
1183,livingroom,,livingroom**,**,필수 영단어 2000,essential_2000
1184,particular,(particularly),particular** (particularly),**,필수 영단어 2000,essential_2000
1185,photograph,/ photo,photograph** / photo**,**,필수 영단어 2000,essential_2000
1186,profession,,profession**,**,필수 영단어 2000,essential_2000
1187,strawberry,,strawberry**,**,필수 영단어 2000,essential_2000
1188,technology,,technology**,**,필수 영단어 2000,essential_2000
1189,university,,university**,**,필수 영단어 2000,essential_2000
1190,appropriate,,appropriate**,**,필수 영단어 2000,essential_2000
1191,communicate,(communication),communicate** (communication),**,필수 영단어 2000,essential_2000
1192,concentrate,,concentrate**,**,필수 영단어 2000,essential_2000
1193,countryside,,countryside**,**,필수 영단어 2000,essential_2000
1194,demonstrate,,demonstrate**,**,필수 영단어 2000,essential_2000
1195,investigate,,investigate**,**,필수 영단어 2000,essential_2000
1196,manufacture,,manufacture**,**,필수 영단어 2000,essential_2000
1197,responsible,,responsible**,**,필수 영단어 2000,essential_2000
1198,temperature,,temperature**,**,필수 영단어 2000,essential_2000
1199,circumstance,,circumstance**,**,필수 영단어 2000,essential_2000
1200,characteristic,,characteristic**,**,필수 영단어 2000,essential_2000
1201,a,(an),a* (an),*,필수 영단어 2000,essential_2000
1202,I,,I*,*,필수 영단어 2000,essential_2000
1203,as,,as*,*,필수 영단어 2000,essential_2000
1204,at,,at*,*,필수 영단어 2000,essential_2000
1205,be,,be*,*,필수 영단어 2000,essential_2000
1206,by,,by*,*,필수 영단어 2000,essential_2000
1207,do,,do*,*,필수 영단어 2000,essential_2000
1208,go,,go*,*,필수 영단어 2000,essential_2000
1209,he,,he*,*,필수 영단어 2000,essential_2000
1210,if,,if*,*,필수 영단어 2000,essential_2000
1211,in,,in*,*,필수 영단어 2000,essential_2000
1212,it,,it*,*,필수 영단어 2000,essential_2000
1213,no,/ nope / nay,no* / nope* / nay*,*,필수 영단어 2000,essential_2000
1214,of,,of*,*,필수 영단어 2000,essential_2000
1215,on,,on*,*,필수 영단어 2000,essential_2000
1216,or,,or*,*,필수 영단어 2000,essential_2000
1217,so,,so*,*,필수 영단어 2000,essential_2000
1218,to,,to*,*,필수 영단어 2000,essential_2000
1219,up,,up*,*,필수 영단어 2000,essential_2000
1220,we,,we*,*,필수 영단어 2000,essential_2000
1221,act,"(actual, interact)","act* (actual, interact)",*,필수 영단어 2000,essential_2000
1222,add,,add*,*,필수 영단어 2000,essential_2000
1223,age,,age*,*,필수 영단어 2000,essential_2000
1224,ago,,ago*,*,필수 영단어 2000,essential_2000
1225,air,,air*,*,필수 영단어 2000,essential_2000
1226,all,,all*,*,필수 영단어 2000,essential_2000
1227,and,,and*,*,필수 영단어 2000,essential_2000
1228,any,,any*,*,필수 영단어 2000,essential_2000
1229,arm,,arm*,*,필수 영단어 2000,essential_2000
1230,art,,art*,*,필수 영단어 2000,essential_2000
1231,ask,,ask*,*,필수 영단어 2000,essential_2000
1232,bad,,bad*,*,필수 영단어 2000,essential_2000
1233,bag,,bag*,*,필수 영단어 2000,essential_2000
1234,bat,,bat*,*,필수 영단어 2000,essential_2000
1235,bed,,bed*,*,필수 영단어 2000,essential_2000
1236,bee,,bee*,*,필수 영단어 2000,essential_2000
1237,big,,big*,*,필수 영단어 2000,essential_2000
1238,box,,box*,*,필수 영단어 2000,essential_2000
1239,boy,,boy*,*,필수 영단어 2000,essential_2000
1240,bus,,bus*,*,필수 영단어 2000,essential_2000
1241,but,,but*,*,필수 영단어 2000,essential_2000
1242,buy,,buy*,*,필수 영단어 2000,essential_2000
1243,can,,can*,*,필수 영단어 2000,essential_2000
1244,cap,,cap*,*,필수 영단어 2000,essential_2000
1245,car,,car*,*,필수 영단어 2000,essential_2000
1246,cat,,cat*,*,필수 영단어 2000,essential_2000
1247,cow,,cow*,*,필수 영단어 2000,essential_2000
1248,cry,,cry*,*,필수 영단어 2000,essential_2000
1249,cup,,cup*,*,필수 영단어 2000,essential_2000
1250,cut,,cut*,*,필수 영단어 2000,essential_2000
1251,day,,day*,*,필수 영단어 2000,essential_2000
1252,die,,die*,*,필수 영단어 2000,essential_2000
1253,dog,,dog*,*,필수 영단어 2000,essential_2000
1254,dry,,dry*,*,필수 영단어 2000,essential_2000
1255,ear,,ear*,*,필수 영단어 2000,essential_2000
1256,eat,,eat*,*,필수 영단어 2000,essential_2000
1257,egg,,egg*,*,필수 영단어 2000,essential_2000
1258,end,,end*,*,필수 영단어 2000,essential_2000
1259,eye,,eye*,*,필수 영단어 2000,essential_2000
1260,fan,,fan*,*,필수 영단어 2000,essential_2000
1261,far,,far*,*,필수 영단어 2000,essential_2000
1262,fat,,fat*,*,필수 영단어 2000,essential_2000
1263,fix,,fix*,*,필수 영단어 2000,essential_2000
1264,fly,,fly*,*,필수 영단어 2000,essential_2000
1265,for,,for*,*,필수 영단어 2000,essential_2000
1266,fox,,fox*,*,필수 영단어 2000,essential_2000
1267,fun,,fun*,*,필수 영단어 2000,essential_2000
1268,gas,,gas*,*,필수 영단어 2000,essential_2000
1269,get,,get*,*,필수 영단어 2000,essential_2000
1270,god,,god*,*,필수 영단어 2000,essential_2000
1271,gum,,gum*,*,필수 영단어 2000,essential_2000
1272,guy,,guy*,*,필수 영단어 2000,essential_2000
1273,hat,,hat*,*,필수 영단어 2000,essential_2000
1274,hit,,hit*,*,필수 영단어 2000,essential_2000
1275,hot,,hot*,*,필수 영단어 2000,essential_2000
1276,how,,how*,*,필수 영단어 2000,essential_2000
1277,ice,,ice*,*,필수 영단어 2000,essential_2000
1278,jam,,jam*,*,필수 영단어 2000,essential_2000
1279,job,,job*,*,필수 영단어 2000,essential_2000
1280,key,,key*,*,필수 영단어 2000,essential_2000
1281,kid,,kid*,*,필수 영단어 2000,essential_2000
1282,leg,,leg*,*,필수 영단어 2000,essential_2000
1283,lie,,lie*,*,필수 영단어 2000,essential_2000
1284,lip,,lip*,*,필수 영단어 2000,essential_2000
1285,low,,low*,*,필수 영단어 2000,essential_2000
1286,mad,,mad*,*,필수 영단어 2000,essential_2000
1287,man,,man*,*,필수 영단어 2000,essential_2000
1288,map,,map*,*,필수 영단어 2000,essential_2000
1289,may,,may*,*,필수 영단어 2000,essential_2000
1290,new,,new*,*,필수 영단어 2000,essential_2000
1291,not,,not*,*,필수 영단어 2000,essential_2000
1292,now,,now*,*,필수 영단어 2000,essential_2000
1293,off,,off*,*,필수 영단어 2000,essential_2000
1294,oil,,oil*,*,필수 영단어 2000,essential_2000
1295,old,,old*,*,필수 영단어 2000,essential_2000
1296,one,,one*,*,필수 영단어 2000,essential_2000
1297,out,,out*,*,필수 영단어 2000,essential_2000
1298,pay,,pay*,*,필수 영단어 2000,essential_2000
1299,pen,,pen*,*,필수 영단어 2000,essential_2000
1300,pig,,pig*,*,필수 영단어 2000,essential_2000
1301,put,,put*,*,필수 영단어 2000,essential_2000
1302,red,,red*,*,필수 영단어 2000,essential_2000
1303,run,,run*,*,필수 영단어 2000,essential_2000
1304,sad,,sad*,*,필수 영단어 2000,essential_2000
1305,say,,say*,*,필수 영단어 2000,essential_2000
1306,sea,,sea*,*,필수 영단어 2000,essential_2000
1307,see,,see*,*,필수 영단어 2000,essential_2000
1308,set,,set*,*,필수 영단어 2000,essential_2000
1309,she,,she*,*,필수 영단어 2000,essential_2000
1310,shy,,shy*,*,필수 영단어 2000,essential_2000
1311,sit,,sit*,*,필수 영단어 2000,essential_2000
1312,six,,six*,*,필수 영단어 2000,essential_2000
1313,ski,,ski*,*,필수 영단어 2000,essential_2000
1314,sky,,sky*,*,필수 영단어 2000,essential_2000
1315,son,,son*,*,필수 영단어 2000,essential_2000
1316,sun,,sun*,*,필수 영단어 2000,essential_2000
1317,ten,,ten*,*,필수 영단어 2000,essential_2000
1318,the,,the*,*,필수 영단어 2000,essential_2000
1319,too,,too*,*,필수 영단어 2000,essential_2000
1320,top,,top*,*,필수 영단어 2000,essential_2000
1321,toy,,toy*,*,필수 영단어 2000,essential_2000
1322,try,(trial),try* (trial),*,필수 영단어 2000,essential_2000
1323,two,,two*,*,필수 영단어 2000,essential_2000
1324,use,(usual),use* (usual),*,필수 영단어 2000,essential_2000
1325,war,,war*,*,필수 영단어 2000,essential_2000
1326,way,,way*,*,필수 영단어 2000,essential_2000
1327,wet,,wet*,*,필수 영단어 2000,essential_2000
1328,who,,who*,*,필수 영단어 2000,essential_2000
1329,why,,why*,*,필수 영단어 2000,essential_2000
1330,win,,win*,*,필수 영단어 2000,essential_2000
1331,yes,/ yeah / yep,yes* / yeah* / yep*,*,필수 영단어 2000,essential_2000
1332,you,,you*,*,필수 영단어 2000,essential_2000
1333,zoo,,zoo*,*,필수 영단어 2000,essential_2000
1334,also,,also*,*,필수 영단어 2000,essential_2000
1335,area,,area*,*,필수 영단어 2000,essential_2000
1336,aunt,,aunt*,*,필수 영단어 2000,essential_2000
1337,away,,away*,*,필수 영단어 2000,essential_2000
1338,baby,,baby*,*,필수 영단어 2000,essential_2000
1339,back,,back*,*,필수 영단어 2000,essential_2000
1340,bake,,bake*,*,필수 영단어 2000,essential_2000
1341,ball,,ball*,*,필수 영단어 2000,essential_2000
1342,bank,,bank*,*,필수 영단어 2000,essential_2000
1343,base,,base*,*,필수 영단어 2000,essential_2000
1344,bath,,bath*,*,필수 영단어 2000,essential_2000
1345,bear,,bear*,*,필수 영단어 2000,essential_2000
1346,beef,,beef*,*,필수 영단어 2000,essential_2000
1347,bell,,bell*,*,필수 영단어 2000,essential_2000
1348,belt,,belt*,*,필수 영단어 2000,essential_2000
1349,bike,,bike*,*,필수 영단어 2000,essential_2000
1350,bill,,bill*,*,필수 영단어 2000,essential_2000
1351,bird,,bird*,*,필수 영단어 2000,essential_2000
1352,blue,,blue*,*,필수 영단어 2000,essential_2000
1353,boat,,boat*,*,필수 영단어 2000,essential_2000
1354,body,(embody),body* (embody),*,필수 영단어 2000,essential_2000
1355,bone,,bone*,*,필수 영단어 2000,essential_2000
1356,book,,book*,*,필수 영단어 2000,essential_2000
1357,both,,both*,*,필수 영단어 2000,essential_2000
1358,burn,,burn*,*,필수 영단어 2000,essential_2000
1359,busy,,busy*,*,필수 영단어 2000,essential_2000
1360,cake,,cake*,*,필수 영단어 2000,essential_2000
1361,call,,call*,*,필수 영단어 2000,essential_2000
1362,camp,,camp*,*,필수 영단어 2000,essential_2000
1363,card,,card*,*,필수 영단어 2000,essential_2000
1364,care,,care*,*,필수 영단어 2000,essential_2000
1365,case,(casual),case* (casual),*,필수 영단어 2000,essential_2000
1366,cash,,cash*,*,필수 영단어 2000,essential_2000
1367,city,,city*,*,필수 영단어 2000,essential_2000
1368,club,,club*,*,필수 영단어 2000,essential_2000
1369,coat,,coat*,*,필수 영단어 2000,essential_2000
1370,cold,,cold*,*,필수 영단어 2000,essential_2000
1371,come,,come*,*,필수 영단어 2000,essential_2000
1372,cook,,cook*,*,필수 영단어 2000,essential_2000
1373,cool,,cool*,*,필수 영단어 2000,essential_2000
1374,cost,,cost*,*,필수 영단어 2000,essential_2000
1375,dark,,dark*,*,필수 영단어 2000,essential_2000
1376,date,,date*,*,필수 영단어 2000,essential_2000
1377,dead,,dead*,*,필수 영단어 2000,essential_2000
1378,deep,,deep*,*,필수 영단어 2000,essential_2000
1379,desk,,desk*,*,필수 영단어 2000,essential_2000
1380,doll,,doll*,*,필수 영단어 2000,essential_2000
1381,door,,door*,*,필수 영단어 2000,essential_2000
1382,down,,down*,*,필수 영단어 2000,essential_2000
1383,draw,(drawer),draw* (drawer),*,필수 영단어 2000,essential_2000
1384,drop,,drop*,*,필수 영단어 2000,essential_2000
1385,drum,,drum*,*,필수 영단어 2000,essential_2000
1386,duck,,duck*,*,필수 영단어 2000,essential_2000
1387,east,,east*,*,필수 영단어 2000,essential_2000
1388,face,,face*,*,필수 영단어 2000,essential_2000
1389,fact,(factual),fact* (factual),*,필수 영단어 2000,essential_2000
1390,fail,,fail*,*,필수 영단어 2000,essential_2000
1391,fall,,fall*,*,필수 영단어 2000,essential_2000
1392,farm,,farm*,*,필수 영단어 2000,essential_2000
1393,fast,,fast*,*,필수 영단어 2000,essential_2000
1394,feel,,feel*,*,필수 영단어 2000,essential_2000
1395,file,,file*,*,필수 영단어 2000,essential_2000
1396,fill,,fill*,*,필수 영단어 2000,essential_2000
1397,film,,film*,*,필수 영단어 2000,essential_2000
1398,find,,find*,*,필수 영단어 2000,essential_2000
1399,fine,,fine*,*,필수 영단어 2000,essential_2000
1400,fire,,fire*,*,필수 영단어 2000,essential_2000
1401,fish,,fish*,*,필수 영단어 2000,essential_2000
1402,five,,five*,*,필수 영단어 2000,essential_2000
1403,food,,food*,*,필수 영단어 2000,essential_2000
1404,fool,,fool*,*,필수 영단어 2000,essential_2000
1405,foot,,foot*,*,필수 영단어 2000,essential_2000
1406,fork,,fork*,*,필수 영단어 2000,essential_2000
1407,form,"(formal, formation, informal)","form* (formal, formation, informal)",*,필수 영단어 2000,essential_2000
1408,four,,four*,*,필수 영단어 2000,essential_2000
1409,free,,free*,*,필수 영단어 2000,essential_2000
1410,from,,from*,*,필수 영단어 2000,essential_2000
1411,full,,full*,*,필수 영단어 2000,essential_2000
1412,game,,game*,*,필수 영단어 2000,essential_2000
1413,girl,,girl*,*,필수 영단어 2000,essential_2000
1414,give,,give*,*,필수 영단어 2000,essential_2000
1415,glad,,glad*,*,필수 영단어 2000,essential_2000
1416,goal,,goal*,*,필수 영단어 2000,essential_2000
1417,gold,,gold*,*,필수 영단어 2000,essential_2000
1418,good,(goods),good* (goods),*,필수 영단어 2000,essential_2000
1419,gray,/ grey,gray* / grey*,*,필수 영단어 2000,essential_2000
1420,grow,,grow*,*,필수 영단어 2000,essential_2000
1421,hair,,hair*,*,필수 영단어 2000,essential_2000
1422,hand,,hand*,*,필수 영단어 2000,essential_2000
1423,hang,,hang*,*,필수 영단어 2000,essential_2000
1424,hard,(hardly),hard* (hardly),*,필수 영단어 2000,essential_2000
1425,hate,,hate*,*,필수 영단어 2000,essential_2000
1426,have,,have*,*,필수 영단어 2000,essential_2000
1427,head,,head*,*,필수 영단어 2000,essential_2000
1428,heat,,heat*,*,필수 영단어 2000,essential_2000
1429,help,,help*,*,필수 영단어 2000,essential_2000
1430,here,,here*,*,필수 영단어 2000,essential_2000
1431,hero,,hero*,*,필수 영단어 2000,essential_2000
1432,high,,high*,*,필수 영단어 2000,essential_2000
1433,hike,,hike*,*,필수 영단어 2000,essential_2000
1434,hill,,hill*,*,필수 영단어 2000,essential_2000
1435,hold,,hold*,*,필수 영단어 2000,essential_2000
1436,home,,home*,*,필수 영단어 2000,essential_2000
1437,hope,,hope*,*,필수 영단어 2000,essential_2000
1438,hour,,hour*,*,필수 영단어 2000,essential_2000
1439,hunt,,hunt*,*,필수 영단어 2000,essential_2000
1440,idea,,idea*,*,필수 영단어 2000,essential_2000
1441,into,,into*,*,필수 영단어 2000,essential_2000
1442,join,,join*,*,필수 영단어 2000,essential_2000
1443,jump,,jump*,*,필수 영단어 2000,essential_2000
1444,just,,just*,*,필수 영단어 2000,essential_2000
1445,keep,,keep*,*,필수 영단어 2000,essential_2000
1446,kick,,kick*,*,필수 영단어 2000,essential_2000
1447,kill,,kill*,*,필수 영단어 2000,essential_2000
1448,kind,,kind*,*,필수 영단어 2000,essential_2000
1449,king,,king*,*,필수 영단어 2000,essential_2000
1450,kiss,,kiss*,*,필수 영단어 2000,essential_2000
1451,know,,know*,*,필수 영단어 2000,essential_2000
1452,lady,,lady*,*,필수 영단어 2000,essential_2000
1453,lake,,lake*,*,필수 영단어 2000,essential_2000
1454,land,,land*,*,필수 영단어 2000,essential_2000
1455,last,,last*,*,필수 영단어 2000,essential_2000
1456,late,,late*,*,필수 영단어 2000,essential_2000
1457,lazy,,lazy*,*,필수 영단어 2000,essential_2000
1458,left,,left*,*,필수 영단어 2000,essential_2000
1459,life,,life*,*,필수 영단어 2000,essential_2000
1460,like,(likely),like* (likely),*,필수 영단어 2000,essential_2000
1461,line,,line*,*,필수 영단어 2000,essential_2000
1462,lion,,lion*,*,필수 영단어 2000,essential_2000
1463,live,,live*,*,필수 영단어 2000,essential_2000
1464,long,,long*,*,필수 영단어 2000,essential_2000
1465,look,,look*,*,필수 영단어 2000,essential_2000
1466,love,,love*,*,필수 영단어 2000,essential_2000
1467,luck,,luck*,*,필수 영단어 2000,essential_2000
1468,mail,,mail*,*,필수 영단어 2000,essential_2000
1469,make,,make*,*,필수 영단어 2000,essential_2000
1470,many,,many*,*,필수 영단어 2000,essential_2000
1471,meat,,meat*,*,필수 영단어 2000,essential_2000
1472,meet,,meet*,*,필수 영단어 2000,essential_2000
1473,milk,,milk*,*,필수 영단어 2000,essential_2000
1474,mind,,mind*,*,필수 영단어 2000,essential_2000
1475,miss,,miss*,*,필수 영단어 2000,essential_2000
1476,moon,(half­moon),moon* (half­moon),*,필수 영단어 2000,essential_2000
1477,move,,move*,*,필수 영단어 2000,essential_2000
1478,much,,much*,*,필수 영단어 2000,essential_2000
1479,must,,must*,*,필수 영단어 2000,essential_2000
1480,name,,name*,*,필수 영단어 2000,essential_2000
1481,near,,near*,*,필수 영단어 2000,essential_2000
1482,neck,,neck*,*,필수 영단어 2000,essential_2000
1483,need,,need*,*,필수 영단어 2000,essential_2000
1484,news,,news*,*,필수 영단어 2000,essential_2000
1485,next,,next*,*,필수 영단어 2000,essential_2000
1486,nice,,nice*,*,필수 영단어 2000,essential_2000
1487,nine,,nine*,*,필수 영단어 2000,essential_2000
1488,nose,,nose*,*,필수 영단어 2000,essential_2000
1489,note,(notion),note* (notion),*,필수 영단어 2000,essential_2000
1490,okay,/ okey / OK,okay* / okey* / OK*,*,필수 영단어 2000,essential_2000
1491,only,,only*,*,필수 영단어 2000,essential_2000
1492,open,,open*,*,필수 영단어 2000,essential_2000
1493,over,,over*,*,필수 영단어 2000,essential_2000
1494,page,,page*,*,필수 영단어 2000,essential_2000
1495,park,,park*,*,필수 영단어 2000,essential_2000
1496,part,,part*,*,필수 영단어 2000,essential_2000
1497,pass,,pass*,*,필수 영단어 2000,essential_2000
1498,pick,,pick*,*,필수 영단어 2000,essential_2000
1499,pink,,pink*,*,필수 영단어 2000,essential_2000
1500,plan,,plan*,*,필수 영단어 2000,essential_2000
1501,play,,play*,*,필수 영단어 2000,essential_2000
1502,poor,,poor*,*,필수 영단어 2000,essential_2000
1503,push,,push*,*,필수 영단어 2000,essential_2000
1504,quiz,,quiz*,*,필수 영단어 2000,essential_2000
1505,race,(racial),race* (racial),*,필수 영단어 2000,essential_2000
1506,rain,,rain*,*,필수 영단어 2000,essential_2000
1507,read,,read*,*,필수 영단어 2000,essential_2000
1508,rich,,rich*,*,필수 영단어 2000,essential_2000
1509,ring,,ring*,*,필수 영단어 2000,essential_2000
1510,road,,road*,*,필수 영단어 2000,essential_2000
1511,rock,,rock*,*,필수 영단어 2000,essential_2000
1512,room,,room*,*,필수 영단어 2000,essential_2000
1513,rose,,rose*,*,필수 영단어 2000,essential_2000
1514,safe,,safe*,*,필수 영단어 2000,essential_2000
1515,sale,,sale*,*,필수 영단어 2000,essential_2000
1516,salt,,salt*,*,필수 영단어 2000,essential_2000
1517,same,,same*,*,필수 영단어 2000,essential_2000
1518,sand,,sand*,*,필수 영단어 2000,essential_2000
1519,save,,save*,*,필수 영단어 2000,essential_2000
1520,sell,,sell*,*,필수 영단어 2000,essential_2000
1521,send,,send*,*,필수 영단어 2000,essential_2000
1522,ship,,ship*,*,필수 영단어 2000,essential_2000
1523,shoe,,shoe*,*,필수 영단어 2000,essential_2000
1524,shop,,shop*,*,필수 영단어 2000,essential_2000
1525,show,,show*,*,필수 영단어 2000,essential_2000
1526,sick,,sick*,*,필수 영단어 2000,essential_2000
1527,side,,side*,*,필수 영단어 2000,essential_2000
1528,sing,,sing*,*,필수 영단어 2000,essential_2000
1529,size,,size*,*,필수 영단어 2000,essential_2000
1530,skin,,skin*,*,필수 영단어 2000,essential_2000
1531,slow,,slow*,*,필수 영단어 2000,essential_2000
1532,snow,,snow*,*,필수 영단어 2000,essential_2000
1533,sock,,sock*,*,필수 영단어 2000,essential_2000
1534,soft,,soft*,*,필수 영단어 2000,essential_2000
1535,some,,some*,*,필수 영단어 2000,essential_2000
1536,song,,song*,*,필수 영단어 2000,essential_2000
1537,soup,,soup*,*,필수 영단어 2000,essential_2000
1538,star,,star*,*,필수 영단어 2000,essential_2000
1539,stay,,stay*,*,필수 영단어 2000,essential_2000
1540,stop,,stop*,*,필수 영단어 2000,essential_2000
1541,sure,(ensure),sure* (ensure),*,필수 영단어 2000,essential_2000
1542,swim,,swim*,*,필수 영단어 2000,essential_2000
1543,tail,,tail*,*,필수 영단어 2000,essential_2000
1544,take,(mistake),take* (mistake),*,필수 영단어 2000,essential_2000
1545,talk,,talk*,*,필수 영단어 2000,essential_2000
1546,tall,,tall*,*,필수 영단어 2000,essential_2000
1547,tape,,tape*,*,필수 영단어 2000,essential_2000
1548,taxi,,taxi*,*,필수 영단어 2000,essential_2000
1549,team,,team*,*,필수 영단어 2000,essential_2000
1550,tell,,tell*,*,필수 영단어 2000,essential_2000
1551,tent,,tent*,*,필수 영단어 2000,essential_2000
1552,test,,test*,*,필수 영단어 2000,essential_2000
1553,than,,than*,*,필수 영단어 2000,essential_2000
1554,that,,that*,*,필수 영단어 2000,essential_2000
1555,they,,they*,*,필수 영단어 2000,essential_2000
1556,this,,this*,*,필수 영단어 2000,essential_2000
1557,time,,time*,*,필수 영단어 2000,essential_2000
1558,tire,(tired),tire* (tired),*,필수 영단어 2000,essential_2000
1559,town,,town*,*,필수 영단어 2000,essential_2000
1560,tree,,tree*,*,필수 영단어 2000,essential_2000
1561,trip,,trip*,*,필수 영단어 2000,essential_2000
1562,true,,true*,*,필수 영단어 2000,essential_2000
1563,turn,,turn*,*,필수 영단어 2000,essential_2000
1564,type,,type*,*,필수 영단어 2000,essential_2000
1565,ugly,,ugly*,*,필수 영단어 2000,essential_2000
1566,very,,very*,*,필수 영단어 2000,essential_2000
1567,wait,,wait*,*,필수 영단어 2000,essential_2000
1568,wake,,wake*,*,필수 영단어 2000,essential_2000
1569,walk,,walk*,*,필수 영단어 2000,essential_2000
1570,wall,,wall*,*,필수 영단어 2000,essential_2000
1571,want,,want*,*,필수 영단어 2000,essential_2000
1572,warm,,warm*,*,필수 영단어 2000,essential_2000
1573,wash,,wash*,*,필수 영단어 2000,essential_2000
1574,wear,,wear*,*,필수 영단어 2000,essential_2000
1575,week,,week*,*,필수 영단어 2000,essential_2000
1576,well,,well*,*,필수 영단어 2000,essential_2000
1577,west,,west*,*,필수 영단어 2000,essential_2000
1578,what,,what*,*,필수 영단어 2000,essential_2000
1579,when,,when*,*,필수 영단어 2000,essential_2000
1580,wife,,wife*,*,필수 영단어 2000,essential_2000
1581,will,,will*,*,필수 영단어 2000,essential_2000
1582,wind,,wind*,*,필수 영단어 2000,essential_2000
1583,wine,,wine*,*,필수 영단어 2000,essential_2000
1584,wish,,wish*,*,필수 영단어 2000,essential_2000
1585,with,,with*,*,필수 영단어 2000,essential_2000
1586,wood,,wood*,*,필수 영단어 2000,essential_2000
1587,word,,word*,*,필수 영단어 2000,essential_2000
1588,work,,work*,*,필수 영단어 2000,essential_2000
1589,year,,year*,*,필수 영단어 2000,essential_2000
1590,about,,about*,*,필수 영단어 2000,essential_2000
1591,above,,above*,*,필수 영단어 2000,essential_2000
1592,adult,,adult*,*,필수 영단어 2000,essential_2000
1593,after,,after*,*,필수 영단어 2000,essential_2000
1594,again,,again*,*,필수 영단어 2000,essential_2000
1595,agree,(disagree),agree* (disagree),*,필수 영단어 2000,essential_2000
1596,ahead,,ahead*,*,필수 영단어 2000,essential_2000
1597,album,,album*,*,필수 영단어 2000,essential_2000
1598,alone,,alone*,*,필수 영단어 2000,essential_2000
1599,along,,along*,*,필수 영단어 2000,essential_2000
1600,apple,,apple*,*,필수 영단어 2000,essential_2000
1601,beach,,beach*,*,필수 영단어 2000,essential_2000
1602,begin,,begin*,*,필수 영단어 2000,essential_2000
1603,below,,below*,*,필수 영단어 2000,essential_2000
1604,birth,,birth*,*,필수 영단어 2000,essential_2000
1605,black,,black*,*,필수 영단어 2000,essential_2000
1606,blood,,blood*,*,필수 영단어 2000,essential_2000
1607,board,,board*,*,필수 영단어 2000,essential_2000
1608,brave,,brave*,*,필수 영단어 2000,essential_2000
1609,bread,,bread*,*,필수 영단어 2000,essential_2000
1610,break,,break*,*,필수 영단어 2000,essential_2000
1611,bring,,bring*,*,필수 영단어 2000,essential_2000
1612,brown,,brown*,*,필수 영단어 2000,essential_2000
1613,brush,,brush*,*,필수 영단어 2000,essential_2000
1614,build,,build*,*,필수 영단어 2000,essential_2000
1615,candy,,candy*,*,필수 영단어 2000,essential_2000
1616,carry,,carry*,*,필수 영단어 2000,essential_2000
1617,catch,,catch*,*,필수 영단어 2000,essential_2000
1618,chair,,chair*,*,필수 영단어 2000,essential_2000
1619,cheap,,cheap*,*,필수 영단어 2000,essential_2000
1620,check,/ cheque,check* / cheque*,*,필수 영단어 2000,essential_2000
1621,child,,child*,*,필수 영단어 2000,essential_2000
1622,class,"(classic, classify)","class* (classic, classify)",*,필수 영단어 2000,essential_2000
1623,clean,,clean*,*,필수 영단어 2000,essential_2000
1624,clear,(clarify),clear* (clarify),*,필수 영단어 2000,essential_2000
1625,climb,,climb*,*,필수 영단어 2000,essential_2000
1626,clock,,clock*,*,필수 영단어 2000,essential_2000
1627,close,"(disclose, enclose)","close* (disclose, enclose)",*,필수 영단어 2000,essential_2000
1628,cloud,,cloud*,*,필수 영단어 2000,essential_2000
1629,color,/ colour,color* / colour*,*,필수 영단어 2000,essential_2000
1630,comic,,comic*,*,필수 영단어 2000,essential_2000
1631,could,,could*,*,필수 영단어 2000,essential_2000
1632,court,,court*,*,필수 영단어 2000,essential_2000
1633,cover,(discover),cover* (discover),*,필수 영단어 2000,essential_2000
1634,cream,,cream*,*,필수 영단어 2000,essential_2000
1635,cross,,cross*,*,필수 영단어 2000,essential_2000
1636,dance,,dance*,*,필수 영단어 2000,essential_2000
1637,death,,death*,*,필수 영단어 2000,essential_2000
1638,dream,,dream*,*,필수 영단어 2000,essential_2000
1639,dress,,dress*,*,필수 영단어 2000,essential_2000
1640,drink,,drink*,*,필수 영단어 2000,essential_2000
1641,drive,,drive*,*,필수 영단어 2000,essential_2000
1642,early,,early*,*,필수 영단어 2000,essential_2000
1643,earth,,earth*,*,필수 영단어 2000,essential_2000
1644,eight,,eight*,*,필수 영단어 2000,essential_2000
1645,enter,,enter*,*,필수 영단어 2000,essential_2000
1646,every,,every*,*,필수 영단어 2000,essential_2000
1647,field,,field*,*,필수 영단어 2000,essential_2000
1648,fight,,fight*,*,필수 영단어 2000,essential_2000
1649,first,,first*,*,필수 영단어 2000,essential_2000
1650,floor,,floor*,*,필수 영단어 2000,essential_2000
1651,focus,,focus*,*,필수 영단어 2000,essential_2000
1652,fresh,,fresh*,*,필수 영단어 2000,essential_2000
1653,front,,front*,*,필수 영단어 2000,essential_2000
1654,fruit,,fruit*,*,필수 영단어 2000,essential_2000
1655,glass,,glass*,*,필수 영단어 2000,essential_2000
1656,grape,,grape*,*,필수 영단어 2000,essential_2000
1657,grass,,grass*,*,필수 영단어 2000,essential_2000
1658,great,,great*,*,필수 영단어 2000,essential_2000
1659,green,,green*,*,필수 영단어 2000,essential_2000
1660,group,,group*,*,필수 영단어 2000,essential_2000
1661,guess,,guess*,*,필수 영단어 2000,essential_2000
1662,habit,,habit*,*,필수 영단어 2000,essential_2000
1663,happy,,happy*,*,필수 영단어 2000,essential_2000
1664,heart,,heart*,*,필수 영단어 2000,essential_2000
1665,heavy,,heavy*,*,필수 영단어 2000,essential_2000
1666,hello,/ hey / hi,hello* / hey* / hi*,*,필수 영단어 2000,essential_2000
1667,hobby,,hobby*,*,필수 영단어 2000,essential_2000
1668,horse,,horse*,*,필수 영단어 2000,essential_2000
1669,house,,house*,*,필수 영단어 2000,essential_2000
1670,human,,human*,*,필수 영단어 2000,essential_2000
1671,hurry,,hurry*,*,필수 영단어 2000,essential_2000
1672,image,,image*,*,필수 영단어 2000,essential_2000
1673,issue,,issue*,*,필수 영단어 2000,essential_2000
1674,juice,,juice*,*,필수 영단어 2000,essential_2000
1675,knife,,knife*,*,필수 영단어 2000,essential_2000
1676,large,,large*,*,필수 영단어 2000,essential_2000
1677,laser,,laser*,*,필수 영단어 2000,essential_2000
1678,learn,,learn*,*,필수 영단어 2000,essential_2000
1679,light,,light*,*,필수 영단어 2000,essential_2000
1680,lunch,,lunch*,*,필수 영단어 2000,essential_2000
1681,marry,,marry*,*,필수 영단어 2000,essential_2000
1682,medal,,medal*,*,필수 영단어 2000,essential_2000
1683,might,,might*,*,필수 영단어 2000,essential_2000
1684,model,,model*,*,필수 영단어 2000,essential_2000
1685,money,,money*,*,필수 영단어 2000,essential_2000
1686,month,,month*,*,필수 영단어 2000,essential_2000
1687,mouse,,mouse*,*,필수 영단어 2000,essential_2000
1688,mouth,,mouth*,*,필수 영단어 2000,essential_2000
1689,movie,,movie*,*,필수 영단어 2000,essential_2000
1690,music,,music*,*,필수 영단어 2000,essential_2000
1691,never,,never*,*,필수 영단어 2000,essential_2000
1692,night,,night*,*,필수 영단어 2000,essential_2000
1693,north,,north*,*,필수 영단어 2000,essential_2000
1694,nurse,,nurse*,*,필수 영단어 2000,essential_2000
1695,often,,often*,*,필수 영단어 2000,essential_2000
1696,paint,,paint*,*,필수 영단어 2000,essential_2000
1697,pants,,pants*,*,필수 영단어 2000,essential_2000
1698,paper,,paper*,*,필수 영단어 2000,essential_2000
1699,party,,party*,*,필수 영단어 2000,essential_2000
1700,piano,,piano*,*,필수 영단어 2000,essential_2000
1701,pilot,,pilot*,*,필수 영단어 2000,essential_2000
1702,pizza,,pizza*,*,필수 영단어 2000,essential_2000
1703,place,(displace),place* (displace),*,필수 영단어 2000,essential_2000
1704,point,,point*,*,필수 영단어 2000,essential_2000
1705,power,,power*,*,필수 영단어 2000,essential_2000
1706,print,,print*,*,필수 영단어 2000,essential_2000
1707,puppy,,puppy*,*,필수 영단어 2000,essential_2000
1708,queen,,queen*,*,필수 영단어 2000,essential_2000
1709,quick,,quick*,*,필수 영단어 2000,essential_2000
1710,quiet,,quiet*,*,필수 영단어 2000,essential_2000
1711,radio,,radio*,*,필수 영단어 2000,essential_2000
1712,ready,,ready*,*,필수 영단어 2000,essential_2000
1713,right,,right*,*,필수 영단어 2000,essential_2000
1714,river,,river*,*,필수 영단어 2000,essential_2000
1715,robot,,robot*,*,필수 영단어 2000,essential_2000
1716,salad,,salad*,*,필수 영단어 2000,essential_2000
1717,score,,score*,*,필수 영단어 2000,essential_2000
1718,seven,,seven*,*,필수 영단어 2000,essential_2000
1719,shirt,,shirt*,*,필수 영단어 2000,essential_2000
1720,short,,short*,*,필수 영단어 2000,essential_2000
1721,skate,,skate*,*,필수 영단어 2000,essential_2000
1722,skirt,,skirt*,*,필수 영단어 2000,essential_2000
1723,sleep,,sleep*,*,필수 영단어 2000,essential_2000
1724,small,,small*,*,필수 영단어 2000,essential_2000
1725,smell,,smell*,*,필수 영단어 2000,essential_2000
1726,smile,,smile*,*,필수 영단어 2000,essential_2000
1727,sorry,,sorry*,*,필수 영단어 2000,essential_2000
1728,sound,,sound*,*,필수 영단어 2000,essential_2000
1729,south,,south*,*,필수 영단어 2000,essential_2000
1730,space,,space*,*,필수 영단어 2000,essential_2000
1731,speak,,speak*,*,필수 영단어 2000,essential_2000
1732,speed,,speed*,*,필수 영단어 2000,essential_2000
1733,spoon,,spoon*,*,필수 영단어 2000,essential_2000
1734,sport,,sport*,*,필수 영단어 2000,essential_2000
1735,staff,,staff*,*,필수 영단어 2000,essential_2000
1736,stand,,stand*,*,필수 영단어 2000,essential_2000
1737,start,,start*,*,필수 영단어 2000,essential_2000
1738,steak,,steak*,*,필수 영단어 2000,essential_2000
1739,stone,,stone*,*,필수 영단어 2000,essential_2000
1740,store,,store*,*,필수 영단어 2000,essential_2000
1741,story,,story*,*,필수 영단어 2000,essential_2000
1742,study,(student),study* (student),*,필수 영단어 2000,essential_2000
1743,style,,style*,*,필수 영단어 2000,essential_2000
1744,sugar,,sugar*,*,필수 영단어 2000,essential_2000
1745,table,,table*,*,필수 영단어 2000,essential_2000
1746,taste,,taste*,*,필수 영단어 2000,essential_2000
1747,teach,,teach*,*,필수 영단어 2000,essential_2000
1748,thank,,thank*,*,필수 영단어 2000,essential_2000
1749,there,,there*,*,필수 영단어 2000,essential_2000
1750,thing,,thing*,*,필수 영단어 2000,essential_2000
1751,think,,think*,*,필수 영단어 2000,essential_2000
1752,third,,third*,*,필수 영단어 2000,essential_2000
1753,three,,three*,*,필수 영단어 2000,essential_2000
1754,tiger,,tiger*,*,필수 영단어 2000,essential_2000
1755,today,,today*,*,필수 영단어 2000,essential_2000
1756,tooth,,tooth*,*,필수 영단어 2000,essential_2000
1757,touch,,touch*,*,필수 영단어 2000,essential_2000
1758,track,,track*,*,필수 영단어 2000,essential_2000
1759,train,,train*,*,필수 영단어 2000,essential_2000
1760,truck,,truck*,*,필수 영단어 2000,essential_2000
1761,twice,,twice*,*,필수 영단어 2000,essential_2000
1762,uncle,,uncle*,*,필수 영단어 2000,essential_2000
1763,under,,under*,*,필수 영단어 2000,essential_2000
1764,video,,video*,*,필수 영단어 2000,essential_2000
1765,visit,,visit*,*,필수 영단어 2000,essential_2000
1766,voice,,voice*,*,필수 영단어 2000,essential_2000
1767,watch,,watch*,*,필수 영단어 2000,essential_2000
1768,water,,water*,*,필수 영단어 2000,essential_2000
1769,where,,where*,*,필수 영단어 2000,essential_2000
1770,white,,white*,*,필수 영단어 2000,essential_2000
1771,woman,,woman*,*,필수 영단어 2000,essential_2000
1772,world,,world*,*,필수 영단어 2000,essential_2000
1773,worry,,worry*,*,필수 영단어 2000,essential_2000
1774,write,,write*,*,필수 영단어 2000,essential_2000
1775,wrong,,wrong*,*,필수 영단어 2000,essential_2000
1776,young,,young*,*,필수 영단어 2000,essential_2000
1777,across,,across*,*,필수 영단어 2000,essential_2000
1778,afraid,,afraid*,*,필수 영단어 2000,essential_2000
1779,almost,,almost*,*,필수 영단어 2000,essential_2000
1780,always,,always*,*,필수 영단어 2000,essential_2000
1781,animal,,animal*,*,필수 영단어 2000,essential_2000
1782,answer,,answer*,*,필수 영단어 2000,essential_2000
1783,around,,around*,*,필수 영단어 2000,essential_2000
1784,arrive,,arrive*,*,필수 영단어 2000,essential_2000
1785,autumn,,autumn*,*,필수 영단어 2000,essential_2000
1786,banana,,banana*,*,필수 영단어 2000,essential_2000
1787,basket,,basket*,*,필수 영단어 2000,essential_2000
1788,beauty,,beauty*,*,필수 영단어 2000,essential_2000
1789,become,,become*,*,필수 영단어 2000,essential_2000
1790,before,,before*,*,필수 영단어 2000,essential_2000
1791,behind,,behind*,*,필수 영단어 2000,essential_2000
1792,beside,,beside*,*,필수 영단어 2000,essential_2000
1793,borrow,,borrow*,*,필수 영단어 2000,essential_2000
1794,bottle,,bottle*,*,필수 영단어 2000,essential_2000
1795,bottom,,bottom*,*,필수 영단어 2000,essential_2000
1796,bridge,,bridge*,*,필수 영단어 2000,essential_2000
1797,bright,,bright*,*,필수 영단어 2000,essential_2000
1798,butter,,butter*,*,필수 영단어 2000,essential_2000
1799,button,,button*,*,필수 영단어 2000,essential_2000
1800,camera,,camera*,*,필수 영단어 2000,essential_2000
1801,carrot,,carrot*,*,필수 영단어 2000,essential_2000
1802,center,,center*,*,필수 영단어 2000,essential_2000
1803,chance,,chance*,*,필수 영단어 2000,essential_2000
1804,change,,change*,*,필수 영단어 2000,essential_2000
1805,cheese,,cheese*,*,필수 영단어 2000,essential_2000
1806,choose,,choose*,*,필수 영단어 2000,essential_2000
1807,church,,church*,*,필수 영단어 2000,essential_2000
1808,circle,,circle*,*,필수 영단어 2000,essential_2000
1809,clever,,clever*,*,필수 영단어 2000,essential_2000
1810,coffee,,coffee*,*,필수 영단어 2000,essential_2000
1811,cookie,/ cooky,cookie* / cooky*,*,필수 영단어 2000,essential_2000
1812,corner,,corner*,*,필수 영단어 2000,essential_2000
1813,couple,,couple*,*,필수 영단어 2000,essential_2000
1814,course,,course*,*,필수 영단어 2000,essential_2000
1815,cousin,,cousin*,*,필수 영단어 2000,essential_2000
1816,crayon,,crayon*,*,필수 영단어 2000,essential_2000
1817,danger,,danger*,*,필수 영단어 2000,essential_2000
1818,decide,(decision),decide* (decision),*,필수 영단어 2000,essential_2000
1819,design,,design*,*,필수 영단어 2000,essential_2000
1820,dinner,,dinner*,*,필수 영단어 2000,essential_2000
1821,doctor,,doctor*,*,필수 영단어 2000,essential_2000
1822,double,,double*,*,필수 영단어 2000,essential_2000
1823,during,,during*,*,필수 영단어 2000,essential_2000
1824,eleven,,eleven*,*,필수 영단어 2000,essential_2000
1825,energy,,energy*,*,필수 영단어 2000,essential_2000
1826,enough,,enough*,*,필수 영단어 2000,essential_2000
1827,family,,family*,*,필수 영단어 2000,essential_2000
1828,father,"(dad, daddy)","father* (dad, daddy)",*,필수 영단어 2000,essential_2000
1829,finger,,finger*,*,필수 영단어 2000,essential_2000
1830,finish,,finish*,*,필수 영단어 2000,essential_2000
1831,flower,,flower*,*,필수 영단어 2000,essential_2000
1832,forest,,forest*,*,필수 영단어 2000,essential_2000
1833,forget,,forget*,*,필수 영단어 2000,essential_2000
1834,friend,(friendship),friend* (friendship),*,필수 영단어 2000,essential_2000
1835,future,,future*,*,필수 영단어 2000,essential_2000
1836,garden,,garden*,*,필수 영단어 2000,essential_2000
1837,ground,,ground*,*,필수 영단어 2000,essential_2000
1838,guitar,,guitar*,*,필수 영단어 2000,essential_2000
1839,helmet,,helmet*,*,필수 영단어 2000,essential_2000
1840,honest,,honest*,*,필수 영단어 2000,essential_2000
1841,inside,,inside*,*,필수 영단어 2000,essential_2000
1842,invite,,invite*,*,필수 영단어 2000,essential_2000
1843,jacket,,jacket*,*,필수 영단어 2000,essential_2000
1844,lesson,,lesson*,*,필수 영단어 2000,essential_2000
1845,letter,(literal),letter* (literal),*,필수 영단어 2000,essential_2000
1846,listen,,listen*,*,필수 영단어 2000,essential_2000
1847,little,,little*,*,필수 영단어 2000,essential_2000
1848,market,,market*,*,필수 영단어 2000,essential_2000
1849,member,(membership),member* (membership),*,필수 영단어 2000,essential_2000
1850,memory,,memory*,*,필수 영단어 2000,essential_2000
1851,middle,,middle*,*,필수 영단어 2000,essential_2000
1852,monkey,,monkey*,*,필수 영단어 2000,essential_2000
1853,mother,"(mom, mommy)","mother* (mom, mommy)",*,필수 영단어 2000,essential_2000
1854,nation,(international),nation* (international),*,필수 영단어 2000,essential_2000
1855,nature,,nature*,*,필수 영단어 2000,essential_2000
1856,number,,number*,*,필수 영단어 2000,essential_2000
1857,office,(official),office* (official),*,필수 영단어 2000,essential_2000
1858,orange,,orange*,*,필수 영단어 2000,essential_2000
1859,parent,,parent*,*,필수 영단어 2000,essential_2000
1860,pencil,,pencil*,*,필수 영단어 2000,essential_2000
1861,people,,people*,*,필수 영단어 2000,essential_2000
1862,please,"(pleasant, pleasure)","please* (pleasant, pleasure)",*,필수 영단어 2000,essential_2000
1863,police,,police*,*,필수 영단어 2000,essential_2000
1864,potato,,potato*,*,필수 영단어 2000,essential_2000
1865,pretty,,pretty*,*,필수 영단어 2000,essential_2000
1866,prince,,prince*,*,필수 영단어 2000,essential_2000
1867,rabbit,,rabbit*,*,필수 영단어 2000,essential_2000
1868,return,,return*,*,필수 영단어 2000,essential_2000
1869,ribbon,,ribbon*,*,필수 영단어 2000,essential_2000
1870,school,,school*,*,필수 영단어 2000,essential_2000
1871,season,,season*,*,필수 영단어 2000,essential_2000
1872,second,(secondary),second* (secondary),*,필수 영단어 2000,essential_2000
1873,should,,should*,*,필수 영단어 2000,essential_2000
1874,sister,,sister*,*,필수 영단어 2000,essential_2000
1875,soccer,,soccer*,*,필수 영단어 2000,essential_2000
1876,spring,,spring*,*,필수 영단어 2000,essential_2000
1877,street,,street*,*,필수 영단어 2000,essential_2000
1878,strong,,strong*,*,필수 영단어 2000,essential_2000
1879,subway,,subway*,*,필수 영단어 2000,essential_2000
1880,summer,,summer*,*,필수 영단어 2000,essential_2000
1881,tennis,,tennis*,*,필수 영단어 2000,essential_2000
1882,thirst,,thirst*,*,필수 영단어 2000,essential_2000
1883,thirty,,thirty*,*,필수 영단어 2000,essential_2000
1884,ticket,,ticket*,*,필수 영단어 2000,essential_2000
1885,tomato,,tomato*,*,필수 영단어 2000,essential_2000
1886,travel,,travel*,*,필수 영단어 2000,essential_2000
1887,twelve,,twelve*,*,필수 영단어 2000,essential_2000
1888,twenty,,twenty*,*,필수 영단어 2000,essential_2000
1889,violin,,violin*,*,필수 영단어 2000,essential_2000
1890,weight,,weight*,*,필수 영단어 2000,essential_2000
1891,window,,window*,*,필수 영단어 2000,essential_2000
1892,winter,,winter*,*,필수 영단어 2000,essential_2000
1893,yellow,,yellow*,*,필수 영단어 2000,essential_2000
1894,address,,address*,*,필수 영단어 2000,essential_2000
1895,against,,against*,*,필수 영단어 2000,essential_2000
1896,already,,already*,*,필수 영단어 2000,essential_2000
1897,alright,,alright*,*,필수 영단어 2000,essential_2000
1898,another,,another*,*,필수 영단어 2000,essential_2000
1899,because,,because*,*,필수 영단어 2000,essential_2000
1900,believe,,believe*,*,필수 영단어 2000,essential_2000
1901,between,,between*,*,필수 영단어 2000,essential_2000
1902,biscuit,,biscuit*,*,필수 영단어 2000,essential_2000
1903,brother,,brother*,*,필수 영단어 2000,essential_2000
1904,certain,,certain*,*,필수 영단어 2000,essential_2000
1905,chicken,,chicken*,*,필수 영단어 2000,essential_2000
1906,clothes,,clothes*,*,필수 영단어 2000,essential_2000
1907,collect,,collect*,*,필수 영단어 2000,essential_2000
1908,college,,college*,*,필수 영단어 2000,essential_2000
1909,company,,company*,*,필수 영단어 2000,essential_2000
1910,compute,(computer),compute* (computer),*,필수 영단어 2000,essential_2000
1911,control,,control*,*,필수 영단어 2000,essential_2000
1912,country,,country*,*,필수 영단어 2000,essential_2000
1913,culture,,culture*,*,필수 영단어 2000,essential_2000
1914,curtain,,curtain*,*,필수 영단어 2000,essential_2000
1915,discuss,,discuss*,*,필수 영단어 2000,essential_2000
1916,evening,,evening*,*,필수 영단어 2000,essential_2000
1917,example,,example*,*,필수 영단어 2000,essential_2000
1918,goodbye,(bye),goodbye* (bye),*,필수 영단어 2000,essential_2000
1919,history,,history*,*,필수 영단어 2000,essential_2000
1920,holiday,,holiday*,*,필수 영단어 2000,essential_2000
1921,however,,however*,*,필수 영단어 2000,essential_2000
1922,hundred,,hundred*,*,필수 영단어 2000,essential_2000
1923,husband,,husband*,*,필수 영단어 2000,essential_2000
1924,kitchen,,kitchen*,*,필수 영단어 2000,essential_2000
1925,library,,library*,*,필수 영단어 2000,essential_2000
1926,morning,,morning*,*,필수 영단어 2000,essential_2000
1927,nothing,,nothing*,*,필수 영단어 2000,essential_2000
1928,partner,,partner*,*,필수 영단어 2000,essential_2000
1929,picture,,picture*,*,필수 영단어 2000,essential_2000
1930,plastic,,plastic*,*,필수 영단어 2000,essential_2000
1931,present,,present*,*,필수 영단어 2000,essential_2000
1932,problem,,problem*,*,필수 영단어 2000,essential_2000
1933,program,/ programme (programmatic),program* / programme* (programmatic),*,필수 영단어 2000,essential_2000
1934,project,,project*,*,필수 영단어 2000,essential_2000
1935,science,,science*,*,필수 영단어 2000,essential_2000
1936,service,,service*,*,필수 영단어 2000,essential_2000
1937,tonight,,tonight*,*,필수 영단어 2000,essential_2000
1938,weather,,weather*,*,필수 영단어 2000,essential_2000
1939,website,,website*,*,필수 영단어 2000,essential_2000
1940,wedding,,wedding*,*,필수 영단어 2000,essential_2000
1941,weekend,,weekend*,*,필수 영단어 2000,essential_2000
1942,welcome,,welcome*,*,필수 영단어 2000,essential_2000
1943,airplane,/ aeroplane,airplane* / aeroplane*,*,필수 영단어 2000,essential_2000
1944,baseball,,baseball*,*,필수 영단어 2000,essential_2000
1945,business,,business*,*,필수 영단어 2000,essential_2000
1946,campaign,,campaign*,*,필수 영단어 2000,essential_2000
1947,customer,,customer*,*,필수 영단어 2000,essential_2000
1948,daughter,,daughter*,*,필수 영단어 2000,essential_2000
1949,dialogue,/ dialog,dialogue* / dialog*,*,필수 영단어 2000,essential_2000
1950,doughnut,,doughnut*,*,필수 영단어 2000,essential_2000
1951,elephant,,elephant*,*,필수 영단어 2000,essential_2000
1952,exercise,,exercise*,*,필수 영단어 2000,essential_2000
1953,favorite,/ favourite,favorite* / favourite*,*,필수 영단어 2000,essential_2000
1954,festival,,festival*,*,필수 영단어 2000,essential_2000
1955,football,,football*,*,필수 영단어 2000,essential_2000
1956,homework,,homework*,*,필수 영단어 2000,essential_2000
1957,hospital,,hospital*,*,필수 영단어 2000,essential_2000
1958,internet,,internet*,*,필수 영단어 2000,essential_2000
1959,marathon,,marathon*,*,필수 영단어 2000,essential_2000
1960,mountain,,mountain*,*,필수 영단어 2000,essential_2000
1961,notebook,,notebook*,*,필수 영단어 2000,essential_2000
1962,question,,question*,*,필수 영단어 2000,essential_2000
1963,remember,,remember*,*,필수 영단어 2000,essential_2000
1964,restroom,,restroom*,*,필수 영단어 2000,essential_2000
1965,sandwich,,sandwich*,*,필수 영단어 2000,essential_2000
1966,scissors,,scissors*,*,필수 영단어 2000,essential_2000
1967,software,,software*,*,필수 영단어 2000,essential_2000
1968,textbook,,textbook*,*,필수 영단어 2000,essential_2000
1969,thirteen,,thirteen*,*,필수 영단어 2000,essential_2000
1970,together,,together*,*,필수 영단어 2000,essential_2000
1971,tomorrow,,tomorrow*,*,필수 영단어 2000,essential_2000
1972,umbrella,,umbrella*,*,필수 영단어 2000,essential_2000
1973,afternoon,,afternoon*,*,필수 영단어 2000,essential_2000
1974,apartment,,apartment*,*,필수 영단어 2000,essential_2000
1975,badminton,,badminton*,*,필수 영단어 2000,essential_2000
1976,breakfast,,breakfast*,*,필수 영단어 2000,essential_2000
1977,chocolate,,chocolate*,*,필수 영단어 2000,essential_2000
1978,condition,,condition*,*,필수 영단어 2000,essential_2000
1979,delicious,,delicious*,*,필수 영단어 2000,essential_2000
1980,difficult,,difficult*,*,필수 영단어 2000,essential_2000
1981,gentleman,,gentleman*,*,필수 영단어 2000,essential_2000
1982,hamburger,,hamburger*,*,필수 영단어 2000,essential_2000
1983,introduce,,introduce*,*,필수 영단어 2000,essential_2000
1984,newspaper,,newspaper*,*,필수 영단어 2000,essential_2000
1985,spaghetti,,spaghetti*,*,필수 영단어 2000,essential_2000
1986,telephone,/ phone,telephone* / phone*,*,필수 영단어 2000,essential_2000
1987,vegetable,,vegetable*,*,필수 영단어 2000,essential_2000
1988,yesterday,,yesterday*,*,필수 영단어 2000,essential_2000
1989,basketball,,basketball*,*,필수 영단어 2000,essential_2000
1990,recreation,,recreation*,*,필수 영단어 2000,essential_2000
1991,restaurant,,restaurant*,*,필수 영단어 2000,essential_2000
1992,television,,television*,*,필수 영단어 2000,essential_2000
1993,understand,,understand*,*,필수 영단어 2000,essential_2000
1994,watermelon,,watermelon*,*,필수 영단어 2000,essential_2000
1995,grandfather,,grandfather*,*,필수 영단어 2000,essential_2000
1996,mathematics,/ maths / math,mathematics* / maths* / math*,*,필수 영단어 2000,essential_2000
1997,congratulate,,congratulate*,*,필수 영단어 2000,essential_2000
1998,twenty-first,,twenty-first*,*,필수 영단어 2000,essential_2000
1999,twenty-third,,twenty-third*,*,필수 영단어 2000,essential_2000
2000,twenty-second,,twenty-second*,*,필수 영단어 2000,essential_2000
2001,awe,(awful),awe (awful),0,수능 필수 1000,csat_1000
2002,ban,,ban,0,수능 필수 1000,csat_1000
2003,dip,,dip,0,수능 필수 1000,csat_1000
2004,dot,,dot,0,수능 필수 1000,csat_1000
2005,era,,era,0,수능 필수 1000,csat_1000
2006,err,(error),err (error),0,수능 필수 1000,csat_1000
2007,gap,,gap,0,수능 필수 1000,csat_1000
2008,hut,,hut,0,수능 필수 1000,csat_1000
2009,inn,,inn,0,수능 필수 1000,csat_1000
2010,jar,,jar,0,수능 필수 1000,csat_1000
2011,jog,,jog,0,수능 필수 1000,csat_1000
2012,kit,,kit,0,수능 필수 1000,csat_1000
2013,lap,,lap,0,수능 필수 1000,csat_1000
2014,nod,,nod,0,수능 필수 1000,csat_1000
2015,opt,(option),opt (option),0,수능 필수 1000,csat_1000
2016,owe,,owe,0,수능 필수 1000,csat_1000
2017,pad,,pad,0,수능 필수 1000,csat_1000
2018,pat,,pat,0,수능 필수 1000,csat_1000
2019,raw,,raw,0,수능 필수 1000,csat_1000
2020,rid,,rid,0,수능 필수 1000,csat_1000
2021,rod,,rod,0,수능 필수 1000,csat_1000
2022,rot,,rot,0,수능 필수 1000,csat_1000
2023,sin,,sin,0,수능 필수 1000,csat_1000
2024,tag,,tag,0,수능 필수 1000,csat_1000
2025,via,,via,0,수능 필수 1000,csat_1000
2026,wit,,wit,0,수능 필수 1000,csat_1000
2027,ache,(headache),ache (headache),0,수능 필수 1000,csat_1000
2028,acid,,acid,0,수능 필수 1000,csat_1000
2029,ally,,ally,0,수능 필수 1000,csat_1000
2030,atom,,atom,0,수능 필수 1000,csat_1000
2031,beam,,beam,0,수능 필수 1000,csat_1000
2032,bias,,bias,0,수능 필수 1000,csat_1000
2033,bold,,bold,0,수능 필수 1000,csat_1000
2034,bulk,,bulk,0,수능 필수 1000,csat_1000
2035,bull,,bull,0,수능 필수 1000,csat_1000
2036,buzz,,buzz,0,수능 필수 1000,csat_1000
2037,cave,,cave,0,수능 필수 1000,csat_1000
2038,chef,,chef,0,수능 필수 1000,csat_1000
2039,chin,,chin,0,수능 필수 1000,csat_1000
2040,cite,,cite,0,수능 필수 1000,csat_1000
2041,clap,,clap,0,수능 필수 1000,csat_1000
2042,clay,,clay,0,수능 필수 1000,csat_1000
2043,cord,,cord,0,수능 필수 1000,csat_1000
2044,core,,core,0,수능 필수 1000,csat_1000
2045,corn,,corn,0,수능 필수 1000,csat_1000
2046,crew,,crew,0,수능 필수 1000,csat_1000
2047,crop,,crop,0,수능 필수 1000,csat_1000
2048,damp,,damp,0,수능 필수 1000,csat_1000
2049,dash,,dash,0,수능 필수 1000,csat_1000
2050,dine,,dine,0,수능 필수 1000,csat_1000
2051,dose,,dose,0,수능 필수 1000,csat_1000
2052,dual,,dual,0,수능 필수 1000,csat_1000
2053,dull,,dull,0,수능 필수 1000,csat_1000
2054,emit,(emission),emit (emission),0,수능 필수 1000,csat_1000
2055,envy,,envy,0,수능 필수 1000,csat_1000
2056,fade,,fade,0,수능 필수 1000,csat_1000
2057,fame,(famous),fame (famous),0,수능 필수 1000,csat_1000
2058,fare,,fare,0,수능 필수 1000,csat_1000
2059,fate,(fatal),fate (fatal),0,수능 필수 1000,csat_1000
2060,flaw,,flaw,0,수능 필수 1000,csat_1000
2061,flee,,flee,0,수능 필수 1000,csat_1000
2062,flip,,flip,0,수능 필수 1000,csat_1000
2063,fond,,fond,0,수능 필수 1000,csat_1000
2064,fuel,,fuel,0,수능 필수 1000,csat_1000
2065,fury,(furious),fury (furious),0,수능 필수 1000,csat_1000
2066,fuse,,fuse,0,수능 필수 1000,csat_1000
2067,gang,,gang,0,수능 필수 1000,csat_1000
2068,gaze,,gaze,0,수능 필수 1000,csat_1000
2069,gene,(genetic),gene (genetic),0,수능 필수 1000,csat_1000
2070,glow,,glow,0,수능 필수 1000,csat_1000
2071,goat,,goat,0,수능 필수 1000,csat_1000
2072,grip,,grip,0,수능 필수 1000,csat_1000
2073,gulf,,gulf,0,수능 필수 1000,csat_1000
2074,halt,,halt,0,수능 필수 1000,csat_1000
2075,heal,,heal,0,수능 필수 1000,csat_1000
2076,heel,,heel,0,수능 필수 1000,csat_1000
2077,heir,,heir,0,수능 필수 1000,csat_1000
2078,holy,,holy,0,수능 필수 1000,csat_1000
2079,hook,,hook,0,수능 필수 1000,csat_1000
2080,host,,host,0,수능 필수 1000,csat_1000
2081,jail,,jail,0,수능 필수 1000,csat_1000
2082,jury,,jury,0,수능 필수 1000,csat_1000
2083,keen,,keen,0,수능 필수 1000,csat_1000
2084,knot,,knot,0,수능 필수 1000,csat_1000
2085,leak,,leak,0,수능 필수 1000,csat_1000
2086,lone,,lone,0,수능 필수 1000,csat_1000
2087,lump,,lump,0,수능 필수 1000,csat_1000
2088,mere,,mere,0,수능 필수 1000,csat_1000
2089,mild,,mild,0,수능 필수 1000,csat_1000
2090,mine,(miner),mine (miner),0,수능 필수 1000,csat_1000
2091,mock,,mock,0,수능 필수 1000,csat_1000
2092,mode,,mode,0,수능 필수 1000,csat_1000
2093,myth,,myth,0,수능 필수 1000,csat_1000
2094,norm,(normal),norm (normal),0,수능 필수 1000,csat_1000
2095,obey,,obey,0,수능 필수 1000,csat_1000
2096,oral,,oral,0,수능 필수 1000,csat_1000
2097,pace,,pace,0,수능 필수 1000,csat_1000
2098,pale,,pale,0,수능 필수 1000,csat_1000
2099,palm,,palm,0,수능 필수 1000,csat_1000
2100,pave,,pave,0,수능 필수 1000,csat_1000
2101,peak,,peak,0,수능 필수 1000,csat_1000
2102,peel,,peel,0,수능 필수 1000,csat_1000
2103,peer,,peer,0,수능 필수 1000,csat_1000
2104,pill,,pill,0,수능 필수 1000,csat_1000
2105,plot,,plot,0,수능 필수 1000,csat_1000
2106,poll,,poll,0,수능 필수 1000,csat_1000
2107,pond,,pond,0,수능 필수 1000,csat_1000
2108,pose,(dispose),pose (dispose),0,수능 필수 1000,csat_1000
2109,prey,,prey,0,수능 필수 1000,csat_1000
2110,rage,,rage,0,수능 필수 1000,csat_1000
2111,rank,,rank,0,수능 필수 1000,csat_1000
2112,rear,,rear,0,수능 필수 1000,csat_1000
2113,riot,,riot,0,수능 필수 1000,csat_1000
2114,roar,,roar,0,수능 필수 1000,csat_1000
2115,sack,,sack,0,수능 필수 1000,csat_1000
2116,scan,,scan,0,수능 필수 1000,csat_1000
2117,sigh,,sigh,0,수능 필수 1000,csat_1000
2118,skip,,skip,0,수능 필수 1000,csat_1000
2119,slim,,slim,0,수능 필수 1000,csat_1000
2120,soak,,soak,0,수능 필수 1000,csat_1000
2121,soap,,soap,0,수능 필수 1000,csat_1000
2122,sole,,sole,0,수능 필수 1000,csat_1000
2123,span,,span,0,수능 필수 1000,csat_1000
2124,spit,,spit,0,수능 필수 1000,csat_1000
2125,stem,,stem,0,수능 필수 1000,csat_1000
2126,suck,,suck,0,수능 필수 1000,csat_1000
2127,task,,task,0,수능 필수 1000,csat_1000
2128,tick,,tick,0,수능 필수 1000,csat_1000
2129,toss,,toss,0,수능 필수 1000,csat_1000
2130,trim,,trim,0,수능 필수 1000,csat_1000
2131,tube,,tube,0,수능 필수 1000,csat_1000
2132,urge,(urgent),urge (urgent),0,수능 필수 1000,csat_1000
2133,vast,,vast,0,수능 필수 1000,csat_1000
2134,verb,(verbal),verb (verbal),0,수능 필수 1000,csat_1000
2135,vice,,vice,0,수능 필수 1000,csat_1000
2136,weed,,weed,0,수능 필수 1000,csat_1000
2137,whip,,whip,0,수능 필수 1000,csat_1000
2138,zone,,zone,0,수능 필수 1000,csat_1000
2139,abort,(abortion),abort (abortion),0,수능 필수 1000,csat_1000
2140,abuse,,abuse,0,수능 필수 1000,csat_1000
2141,alert,,alert,0,수능 필수 1000,csat_1000
2142,alien,,alien,0,수능 필수 1000,csat_1000
2143,alike,,alike,0,수능 필수 1000,csat_1000
2144,angle,,angle,0,수능 필수 1000,csat_1000
2145,arise,,arise,0,수능 필수 1000,csat_1000
2146,arrow,,arrow,0,수능 필수 1000,csat_1000
2147,asset,,asset,0,수능 필수 1000,csat_1000
2148,avail,(available),avail (available),0,수능 필수 1000,csat_1000
2149,await,,await,0,수능 필수 1000,csat_1000
2150,beard,,beard,0,수능 필수 1000,csat_1000
2151,beast,,beast,0,수능 필수 1000,csat_1000
2152,blast,,blast,0,수능 필수 1000,csat_1000
2153,blend,,blend,0,수능 필수 1000,csat_1000
2154,blink,,blink,0,수능 필수 1000,csat_1000
2155,boost,,boost,0,수능 필수 1000,csat_1000
2156,breed,,breed,0,수능 필수 1000,csat_1000
2157,brute,(brutal),brute (brutal),0,수능 필수 1000,csat_1000
2158,bully,,bully,0,수능 필수 1000,csat_1000
2159,carve,,carve,0,수능 필수 1000,csat_1000
2160,cater,,cater,0,수능 필수 1000,csat_1000
2161,cease,,cease,0,수능 필수 1000,csat_1000
2162,chaos,,chaos,0,수능 필수 1000,csat_1000
2163,chill,,chill,0,수능 필수 1000,csat_1000
2164,choir,,choir,0,수능 필수 1000,csat_1000
2165,clash,,clash,0,수능 필수 1000,csat_1000
2166,cling,,cling,0,수능 필수 1000,csat_1000
2167,craft,,craft,0,수능 필수 1000,csat_1000
2168,craze,(crazy),craze (crazy),0,수능 필수 1000,csat_1000
2169,creep,,creep,0,수능 필수 1000,csat_1000
2170,crush,,crush,0,수능 필수 1000,csat_1000
2171,curry,,curry,0,수능 필수 1000,csat_1000
2172,curse,,curse,0,수능 필수 1000,csat_1000
2173,curve,,curve,0,수능 필수 1000,csat_1000
2174,dairy,,dairy,0,수능 필수 1000,csat_1000
2175,datum,(data),datum (data),0,수능 필수 1000,csat_1000
2176,decay,,decay,0,수능 필수 1000,csat_1000
2177,demon,,demon,0,수능 필수 1000,csat_1000
2178,dense,,dense,0,수능 필수 1000,csat_1000
2179,devil,,devil,0,수능 필수 1000,csat_1000
2180,draft,,draft,0,수능 필수 1000,csat_1000
2181,drain,,drain,0,수능 필수 1000,csat_1000
2182,dread,,dread,0,수능 필수 1000,csat_1000
2183,drill,,drill,0,수능 필수 1000,csat_1000
2184,drown,,drown,0,수능 필수 1000,csat_1000
2185,dwell,,dwell,0,수능 필수 1000,csat_1000
2186,eager,,eager,0,수능 필수 1000,csat_1000
2187,elite,,elite,0,수능 필수 1000,csat_1000
2188,entry,,entry,0,수능 필수 1000,csat_1000
2189,equip,(equipment),equip (equipment),0,수능 필수 1000,csat_1000
2190,erase,(eraser),erase (eraser),0,수능 필수 1000,csat_1000
2191,erect,,erect,0,수능 필수 1000,csat_1000
2192,ethic,(ethical),ethic (ethical),0,수능 필수 1000,csat_1000
2193,excel,(excellent),excel (excellent),0,수능 필수 1000,csat_1000
2194,false,,false,0,수능 필수 1000,csat_1000
2195,ferry,,ferry,0,수능 필수 1000,csat_1000
2196,fiber,/ fibre,fiber / fibre,0,수능 필수 1000,csat_1000
2197,flesh,,flesh,0,수능 필수 1000,csat_1000
2198,flock,,flock,0,수능 필수 1000,csat_1000
2199,flush,,flush,0,수능 필수 1000,csat_1000
2200,frost,,frost,0,수능 필수 1000,csat_1000
2201,frown,,frown,0,수능 필수 1000,csat_1000
2202,glare,,glare,0,수능 필수 1000,csat_1000
2203,globe,(global),globe (global),0,수능 필수 1000,csat_1000
2204,grain,,grain,0,수능 필수 1000,csat_1000
2205,grasp,,grasp,0,수능 필수 1000,csat_1000
2206,grave,,grave,0,수능 필수 1000,csat_1000
2207,greed,,greed,0,수능 필수 1000,csat_1000
2208,grief,,grief,0,수능 필수 1000,csat_1000
2209,gross,,gross,0,수능 필수 1000,csat_1000
2210,harsh,,harsh,0,수능 필수 1000,csat_1000
2211,haunt,,haunt,0,수능 필수 1000,csat_1000
2212,hence,,hence,0,수능 필수 1000,csat_1000
2213,ideal,,ideal,0,수능 필수 1000,csat_1000
2214,imply,,imply,0,수능 필수 1000,csat_1000
2215,index,,index,0,수능 필수 1000,csat_1000
2216,infer,(inference),infer (inference),0,수능 필수 1000,csat_1000
2217,input,,input,0,수능 필수 1000,csat_1000
2218,irony,,irony,0,수능 필수 1000,csat_1000
2219,joint,,joint,0,수능 필수 1000,csat_1000
2220,lease,,lease,0,수능 필수 1000,csat_1000
2221,logic,,logic,0,수능 필수 1000,csat_1000
2222,loyal,,loyal,0,수능 필수 1000,csat_1000
2223,mayor,,mayor,0,수능 필수 1000,csat_1000
2224,merge,,merge,0,수능 필수 1000,csat_1000
2225,merit,,merit,0,수능 필수 1000,csat_1000
2226,moist,(moisture),moist (moisture),0,수능 필수 1000,csat_1000
2227,naive,,naive,0,수능 필수 1000,csat_1000
2228,naked,,naked,0,수능 필수 1000,csat_1000
2229,nasty,,nasty,0,수능 필수 1000,csat_1000
2230,noble,,noble,0,수능 필수 1000,csat_1000
2231,novel,,novel,0,수능 필수 1000,csat_1000
2232,orbit,,orbit,0,수능 필수 1000,csat_1000
2233,organ,"(organic, organize / organise)","organ (organic, organize / organise)",0,수능 필수 1000,csat_1000
2234,panel,,panel,0,수능 필수 1000,csat_1000
2235,patch,,patch,0,수능 필수 1000,csat_1000
2236,phase,,phase,0,수능 필수 1000,csat_1000
2237,pinch,,pinch,0,수능 필수 1000,csat_1000
2238,posit,"(position, positive)","posit (position, positive)",0,수능 필수 1000,csat_1000
2239,prior,,prior,0,수능 필수 1000,csat_1000
2240,proof,,proof,0,수능 필수 1000,csat_1000
2241,pupil,,pupil,0,수능 필수 1000,csat_1000
2242,rally,,rally,0,수능 필수 1000,csat_1000
2243,rebel,,rebel,0,수능 필수 1000,csat_1000
2244,rival,,rival,0,수능 필수 1000,csat_1000
2245,roast,,roast,0,수능 필수 1000,csat_1000
2246,rumor,/ rumour,rumor / rumour,0,수능 필수 1000,csat_1000
2247,rural,,rural,0,수능 필수 1000,csat_1000
2248,scope,,scope,0,수능 필수 1000,csat_1000
2249,screw,,screw,0,수능 필수 1000,csat_1000
2250,seize,,seize,0,수능 필수 1000,csat_1000
2251,slice,,slice,0,수능 필수 1000,csat_1000
2252,slope,,slope,0,수능 필수 1000,csat_1000
2253,sneak,,sneak,0,수능 필수 1000,csat_1000
2254,spark,,spark,0,수능 필수 1000,csat_1000
2255,spill,,spill,0,수능 필수 1000,csat_1000
2256,split,,split,0,수능 필수 1000,csat_1000
2257,stack,,stack,0,수능 필수 1000,csat_1000
2258,stain,,stain,0,수능 필수 1000,csat_1000
2259,steep,,steep,0,수능 필수 1000,csat_1000
2260,stiff,,stiff,0,수능 필수 1000,csat_1000
2261,stove,,stove,0,수능 필수 1000,csat_1000
2262,strip,,strip,0,수능 필수 1000,csat_1000
2263,suite,,suite,0,수능 필수 1000,csat_1000
2264,swear,,swear,0,수능 필수 1000,csat_1000
2265,sweat,,sweat,0,수능 필수 1000,csat_1000
2266,swell,,swell,0,수능 필수 1000,csat_1000
2267,swift,,swift,0,수능 필수 1000,csat_1000
2268,tease,,tease,0,수능 필수 1000,csat_1000
2269,tempt,,tempt,0,수능 필수 1000,csat_1000
2270,theme,,theme,0,수능 필수 1000,csat_1000
2271,thumb,,thumb,0,수능 필수 1000,csat_1000
2272,toxic,,toxic,0,수능 필수 1000,csat_1000
2273,trail,,trail,0,수능 필수 1000,csat_1000
2274,trend,,trend,0,수능 필수 1000,csat_1000
2275,tribe,,tribe,0,수능 필수 1000,csat_1000
2276,troop,,troop,0,수능 필수 1000,csat_1000
2277,unify,,unify,0,수능 필수 1000,csat_1000
2278,urban,,urban,0,수능 필수 1000,csat_1000
2279,utter,,utter,0,수능 필수 1000,csat_1000
2280,vague,,vague,0,수능 필수 1000,csat_1000
2281,valid,,valid,0,수능 필수 1000,csat_1000
2282,verse,,verse,0,수능 필수 1000,csat_1000
2283,vigor,(vigorous),vigor (vigorous),0,수능 필수 1000,csat_1000
2284,virus,,virus,0,수능 필수 1000,csat_1000
2285,vital,,vital,0,수능 필수 1000,csat_1000
2286,vivid,,vivid,0,수능 필수 1000,csat_1000
2287,weave,,weave,0,수능 필수 1000,csat_1000
2288,weird,,weird,0,수능 필수 1000,csat_1000
2289,wheat,,wheat,0,수능 필수 1000,csat_1000
2290,wreck,,wreck,0,수능 필수 1000,csat_1000
2291,yield,,yield,0,수능 필수 1000,csat_1000
2292,aboard,,aboard,0,수능 필수 1000,csat_1000
2293,abound,(abundant),abound (abundant),0,수능 필수 1000,csat_1000
2294,abroad,,abroad,0,수능 필수 1000,csat_1000
2295,absent,,absent,0,수능 필수 1000,csat_1000
2296,absorb,,absorb,0,수능 필수 1000,csat_1000
2297,absurd,,absurd,0,수능 필수 1000,csat_1000
2298,accord,,accord,0,수능 필수 1000,csat_1000
2299,addict,,addict,0,수능 필수 1000,csat_1000
2300,adjust,,adjust,0,수능 필수 1000,csat_1000
2301,agency,,agency,0,수능 필수 1000,csat_1000
2302,agenda,,agenda,0,수능 필수 1000,csat_1000
2303,anchor,,anchor,0,수능 필수 1000,csat_1000
2304,aspect,,aspect,0,수능 필수 1000,csat_1000
2305,aspire,,aspire,0,수능 필수 1000,csat_1000
2306,assert,,assert,0,수능 필수 1000,csat_1000
2307,assure,,assure,0,수능 필수 1000,csat_1000
2308,author,,author,0,수능 필수 1000,csat_1000
2309,behalf,,behalf,0,수능 필수 1000,csat_1000
2310,behave,(behavior / behaviour),behave (behavior / behaviour),0,수능 필수 1000,csat_1000
2311,betray,,betray,0,수능 필수 1000,csat_1000
2312,border,,border,0,수능 필수 1000,csat_1000
2313,breeze,,breeze,0,수능 필수 1000,csat_1000
2314,bundle,,bundle,0,수능 필수 1000,csat_1000
2315,burden,,burden,0,수능 필수 1000,csat_1000
2316,cancel,,cancel,0,수능 필수 1000,csat_1000
2317,cancer,,cancer,0,수능 필수 1000,csat_1000
2318,canvas,,canvas,0,수능 필수 1000,csat_1000
2319,cattle,,cattle,0,수능 필수 1000,csat_1000
2320,censor,,censor,0,수능 필수 1000,csat_1000
2321,chorus,,chorus,0,수능 필수 1000,csat_1000
2322,clause,,clause,0,수능 필수 1000,csat_1000
2323,clinic,,clinic,0,수능 필수 1000,csat_1000
2324,collar,,collar,0,수능 필수 1000,csat_1000
2325,colony,,colony,0,수능 필수 1000,csat_1000
2326,column,,column,0,수능 필수 1000,csat_1000
2327,combat,,combat,0,수능 필수 1000,csat_1000
2328,commit,(commission),commit (commission),0,수능 필수 1000,csat_1000
2329,compel,,compel,0,수능 필수 1000,csat_1000
2330,confer,,confer,0,수능 필수 1000,csat_1000
2331,convey,,convey,0,수능 필수 1000,csat_1000
2332,coupon,,coupon,0,수능 필수 1000,csat_1000
2333,critic,"(criticize / criticise, criticism)","critic (criticize / criticise, criticism)",0,수능 필수 1000,csat_1000
2334,cruise,,cruise,0,수능 필수 1000,csat_1000
2335,custom,,custom,0,수능 필수 1000,csat_1000
2336,decade,,decade,0,수능 필수 1000,csat_1000
2337,decent,,decent,0,수능 필수 1000,csat_1000
2338,defeat,,defeat,0,수능 필수 1000,csat_1000
2339,defend,(defendant),defend (defendant),0,수능 필수 1000,csat_1000
2340,delete,,delete,0,수능 필수 1000,csat_1000
2341,depart,"(department, departure)","depart (department, departure)",0,수능 필수 1000,csat_1000
2342,depict,,depict,0,수능 필수 1000,csat_1000
2343,derive,,derive,0,수능 필수 1000,csat_1000
2344,detach,,detach,0,수능 필수 1000,csat_1000
2345,device,,device,0,수능 필수 1000,csat_1000
2346,devise,,devise,0,수능 필수 1000,csat_1000
2347,devote,,devote,0,수능 필수 1000,csat_1000
2348,differ,(different),differ (different),0,수능 필수 1000,csat_1000
2349,divine,,divine,0,수능 필수 1000,csat_1000
2350,domain,,domain,0,수능 필수 1000,csat_1000
2351,emerge,(emergence),emerge (emergence),0,수능 필수 1000,csat_1000
2352,endure,,endure,0,수능 필수 1000,csat_1000
2353,estate,,estate,0,수능 필수 1000,csat_1000
2354,ethnic,,ethnic,0,수능 필수 1000,csat_1000
2355,evolve,,evolve,0,수능 필수 1000,csat_1000
2356,exceed,,exceed,0,수능 필수 1000,csat_1000
2357,excess,,excess,0,수능 필수 1000,csat_1000
2358,exotic,,exotic,0,수능 필수 1000,csat_1000
2359,export,,export,0,수능 필수 1000,csat_1000
2360,extent,,extent,0,수능 필수 1000,csat_1000
2361,fabric,,fabric,0,수능 필수 1000,csat_1000
2362,fasten,,fasten,0,수능 필수 1000,csat_1000
2363,fierce,,fierce,0,수능 필수 1000,csat_1000
2364,filter,,filter,0,수능 필수 1000,csat_1000
2365,finite,,finite,0,수능 필수 1000,csat_1000
2366,flavor,/ flavour,flavor / flavour,0,수능 필수 1000,csat_1000
2367,forbid,,forbid,0,수능 필수 1000,csat_1000
2368,format,,format,0,수능 필수 1000,csat_1000
2369,former,,former,0,수능 필수 1000,csat_1000
2370,foster,,foster,0,수능 필수 1000,csat_1000
2371,fulfil,,fulfil,0,수능 필수 1000,csat_1000
2372,gamble,,gamble,0,수능 필수 1000,csat_1000
2373,gender,,gender,0,수능 필수 1000,csat_1000
2374,genius,,genius,0,수능 필수 1000,csat_1000
2375,hammer,,hammer,0,수능 필수 1000,csat_1000
2376,harbor,/ harbour,harbor / harbour,0,수능 필수 1000,csat_1000
2377,hazard,,hazard,0,수능 필수 1000,csat_1000
2378,horror,,horror,0,수능 필수 1000,csat_1000
2379,illude,(illusion),illude (illusion),0,수능 필수 1000,csat_1000
2380,immune,,immune,0,수능 필수 1000,csat_1000
2381,impact,,impact,0,수능 필수 1000,csat_1000
2382,import,"(importance, important)","import (importance, important)",0,수능 필수 1000,csat_1000
2383,impose,,impose,0,수능 필수 1000,csat_1000
2384,induce,,induce,0,수능 필수 1000,csat_1000
2385,infant,,infant,0,수능 필수 1000,csat_1000
2386,infect,,infect,0,수능 필수 1000,csat_1000
2387,inject,,inject,0,수능 필수 1000,csat_1000
2388,insect,,insect,0,수능 필수 1000,csat_1000
2389,insert,,insert,0,수능 필수 1000,csat_1000
2390,insult,,insult,0,수능 필수 1000,csat_1000
2391,invade,,invade,0,수능 필수 1000,csat_1000
2392,knight,,knight,0,수능 필수 1000,csat_1000
2393,ladder,,ladder,0,수능 필수 1000,csat_1000
2394,latter,,latter,0,수능 필수 1000,csat_1000
2395,launch,,launch,0,수능 필수 1000,csat_1000
2396,legend,,legend,0,수능 필수 1000,csat_1000
2397,liquid,,liquid,0,수능 필수 1000,csat_1000
2398,luxury,,luxury,0,수능 필수 1000,csat_1000
2399,magnet,,magnet,0,수능 필수 1000,csat_1000
2400,margin,,margin,0,수능 필수 1000,csat_1000
2401,marine,,marine,0,수능 필수 1000,csat_1000
2402,mature,,mature,0,수능 필수 1000,csat_1000
2403,medium,(media),medium (media),0,수능 필수 1000,csat_1000
2404,mobile,,mobile,0,수능 필수 1000,csat_1000
2405,modest,,modest,0,수능 필수 1000,csat_1000
2406,modify,,modify,0,수능 필수 1000,csat_1000
2407,mortal,,mortal,0,수능 필수 1000,csat_1000
2408,motive,,motive,0,수능 필수 1000,csat_1000
2409,murder,,murder,0,수능 필수 1000,csat_1000
2410,mutual,,mutual,0,수능 필수 1000,csat_1000
2411,needle,,needle,0,수능 필수 1000,csat_1000
2412,negate,(negative),negate (negative),0,수능 필수 1000,csat_1000
2413,nephew,,nephew,0,수능 필수 1000,csat_1000
2414,oblige,,oblige,0,수능 필수 1000,csat_1000
2415,obsess,,obsess,0,수능 필수 1000,csat_1000
2416,obtain,,obtain,0,수능 필수 1000,csat_1000
2417,occupy,(occupation),occupy (occupation),0,수능 필수 1000,csat_1000
2418,offend,,offend,0,수능 필수 1000,csat_1000
2419,orient,(orientation),orient (orientation),0,수능 필수 1000,csat_1000
2420,origin,(original),origin (original),0,수능 필수 1000,csat_1000
2421,output,,output,0,수능 필수 1000,csat_1000
2422,patent,,patent,0,수능 필수 1000,csat_1000
2423,permit,,permit,0,수능 필수 1000,csat_1000
2424,phrase,,phrase,0,수능 필수 1000,csat_1000
2425,polish,,polish,0,수능 필수 1000,csat_1000
2426,praise,,praise,0,수능 필수 1000,csat_1000
2427,preach,,preach,0,수능 필수 1000,csat_1000
2428,priest,,priest,0,수능 필수 1000,csat_1000
2429,prompt,,prompt,0,수능 필수 1000,csat_1000
2430,pursue,,pursue,0,수능 필수 1000,csat_1000
2431,random,,random,0,수능 필수 1000,csat_1000
2432,refine,,refine,0,수능 필수 1000,csat_1000
2433,reform,,reform,0,수능 필수 1000,csat_1000
2434,regret,,regret,0,수능 필수 1000,csat_1000
2435,reject,,reject,0,수능 필수 1000,csat_1000
2436,remedy,,remedy,0,수능 필수 1000,csat_1000
2437,remote,,remote,0,수능 필수 1000,csat_1000
2438,rescue,,rescue,0,수능 필수 1000,csat_1000
2439,reside,(resident),reside (resident),0,수능 필수 1000,csat_1000
2440,resign,,resign,0,수능 필수 1000,csat_1000
2441,resort,,resort,0,수능 필수 1000,csat_1000
2442,resume,,resume,0,수능 필수 1000,csat_1000
2443,retail,,retail,0,수능 필수 1000,csat_1000
2444,retain,,retain,0,수능 필수 1000,csat_1000
2445,reveal,,reveal,0,수능 필수 1000,csat_1000
2446,revise,,revise,0,수능 필수 1000,csat_1000
2447,revive,,revive,0,수능 필수 1000,csat_1000
2448,reward,,reward,0,수능 필수 1000,csat_1000
2449,rhythm,,rhythm,0,수능 필수 1000,csat_1000
2450,sacred,,sacred,0,수능 필수 1000,csat_1000
2451,scarce,,scarce,0,수능 필수 1000,csat_1000
2452,scheme,,scheme,0,수능 필수 1000,csat_1000
2453,sculpt,(sculpture),sculpt (sculpture),0,수능 필수 1000,csat_1000
2454,sector,,sector,0,수능 필수 1000,csat_1000
2455,severe,,severe,0,수능 필수 1000,csat_1000
2456,silent,,silent,0,수능 필수 1000,csat_1000
2457,sphere,,sphere,0,수능 필수 1000,csat_1000
2458,splash,,splash,0,수능 필수 1000,csat_1000
2459,spouse,,spouse,0,수능 필수 1000,csat_1000
2460,starve,,starve,0,수능 필수 1000,csat_1000
2461,statue,,statue,0,수능 필수 1000,csat_1000
2462,status,,status,0,수능 필수 1000,csat_1000
2463,stitch,,stitch,0,수능 필수 1000,csat_1000
2464,strain,,strain,0,수능 필수 1000,csat_1000
2465,strict,,strict,0,수능 필수 1000,csat_1000
2466,stripe,,stripe,0,수능 필수 1000,csat_1000
2467,stroke,,stroke,0,수능 필수 1000,csat_1000
2468,submit,(submission),submit (submission),0,수능 필수 1000,csat_1000
2469,subtle,,subtle,0,수능 필수 1000,csat_1000
2470,suburb,,suburb,0,수능 필수 1000,csat_1000
2471,summit,,summit,0,수능 필수 1000,csat_1000
2472,superb,,superb,0,수능 필수 1000,csat_1000
2473,symbol,,symbol,0,수능 필수 1000,csat_1000
2474,tackle,,tackle,0,수능 필수 1000,csat_1000
2475,talent,,talent,0,수능 필수 1000,csat_1000
2476,temple,,temple,0,수능 필수 1000,csat_1000
2477,tenant,,tenant,0,수능 필수 1000,csat_1000
2478,tender,,tender,0,수능 필수 1000,csat_1000
2479,terror,(terrorist),terror (terrorist),0,수능 필수 1000,csat_1000
2480,thread,,thread,0,수능 필수 1000,csat_1000
2481,thrill,,thrill,0,수능 필수 1000,csat_1000
2482,timber,,timber,0,수능 필수 1000,csat_1000
2483,tissue,,tissue,0,수능 필수 1000,csat_1000
2484,tragic,,tragic,0,수능 필수 1000,csat_1000
2485,treaty,,treaty,0,수능 필수 1000,csat_1000
2486,tunnel,,tunnel,0,수능 필수 1000,csat_1000
2487,unique,,unique,0,수능 필수 1000,csat_1000
2488,update,,update,0,수능 필수 1000,csat_1000
2489,upward,/ upwards,upward / upwards,0,수능 필수 1000,csat_1000
2490,vacate,(vacation),vacate (vacation),0,수능 필수 1000,csat_1000
2491,vacuum,,vacuum,0,수능 필수 1000,csat_1000
2492,vanish,,vanish,0,수능 필수 1000,csat_1000
2493,versus,,versus,0,수능 필수 1000,csat_1000
2494,vessel,,vessel,0,수능 필수 1000,csat_1000
2495,virgin,,virgin,0,수능 필수 1000,csat_1000
2496,virtue,(virtual),virtue (virtual),0,수능 필수 1000,csat_1000
2497,visual,,visual,0,수능 필수 1000,csat_1000
2498,wander,,wander,0,수능 필수 1000,csat_1000
2499,wealth,,wealth,0,수능 필수 1000,csat_1000
2500,wicked,,wicked,0,수능 필수 1000,csat_1000
2501,abandon,,abandon,0,수능 필수 1000,csat_1000
2502,academy,,academy,0,수능 필수 1000,csat_1000
2503,acquire,,acquire,0,수능 필수 1000,csat_1000
2504,adverse,,adverse,0,수능 필수 1000,csat_1000
2505,aggress,(aggressive),aggress (aggressive),0,수능 필수 1000,csat_1000
2506,analyze,/ analyse,analyze / analyse,0,수능 필수 1000,csat_1000
2507,ancient,,ancient,0,수능 필수 1000,csat_1000
2508,anxiety,,anxiety,0,수능 필수 1000,csat_1000
2509,apology,,apology,0,수능 필수 1000,csat_1000
2510,approve,,approve,0,수능 필수 1000,csat_1000
2511,assault,,assault,0,수능 필수 1000,csat_1000
2512,athlete,,athlete,0,수능 필수 1000,csat_1000
2513,auction,,auction,0,수능 필수 1000,csat_1000
2514,bargain,,bargain,0,수능 필수 1000,csat_1000
2515,barrier,,barrier,0,수능 필수 1000,csat_1000
2516,biology,,biology,0,수능 필수 1000,csat_1000
2517,blossom,,blossom,0,수능 필수 1000,csat_1000
2518,butcher,,butcher,0,수능 필수 1000,csat_1000
2519,capture,,capture,0,수능 필수 1000,csat_1000
2520,caution,,caution,0,수능 필수 1000,csat_1000
2521,chamber,,chamber,0,수능 필수 1000,csat_1000
2522,charity,,charity,0,수능 필수 1000,csat_1000
2523,chronic,,chronic,0,수능 필수 1000,csat_1000
2524,cluster,,cluster,0,수능 필수 1000,csat_1000
2525,compete,(competent),compete (competent),0,수능 필수 1000,csat_1000
2526,compile,,compile,0,수능 필수 1000,csat_1000
2527,compose,,compose,0,수능 필수 1000,csat_1000
2528,conceal,,conceal,0,수능 필수 1000,csat_1000
2529,condemn,,condemn,0,수능 필수 1000,csat_1000
2530,conduct,,conduct,0,수능 필수 1000,csat_1000
2531,confess,,confess,0,수능 필수 1000,csat_1000
2532,confide,(confident),confide (confident),0,수능 필수 1000,csat_1000
2533,confine,,confine,0,수능 필수 1000,csat_1000
2534,conform,,conform,0,수능 필수 1000,csat_1000
2535,consent,,consent,0,수능 필수 1000,csat_1000
2536,consist,(consistent),consist (consistent),0,수능 필수 1000,csat_1000
2537,consult,,consult,0,수능 필수 1000,csat_1000
2538,contend,,contend,0,수능 필수 1000,csat_1000
2539,convene,"(convenient, convention)","convene (convenient, convention)",0,수능 필수 1000,csat_1000
2540,convert,,convert,0,수능 필수 1000,csat_1000
2541,convict,,convict,0,수능 필수 1000,csat_1000
2542,corrupt,,corrupt,0,수능 필수 1000,csat_1000
2543,costume,,costume,0,수능 필수 1000,csat_1000
2544,counsel,,counsel,0,수능 필수 1000,csat_1000
2545,courage,"(discourage, encourage)","courage (discourage, encourage)",0,수능 필수 1000,csat_1000
2546,crucial,,crucial,0,수능 필수 1000,csat_1000
2547,crystal,,crystal,0,수능 필수 1000,csat_1000
2548,custody,,custody,0,수능 필수 1000,csat_1000
2549,cynical,,cynical,0,수능 필수 1000,csat_1000
2550,declare,,declare,0,수능 필수 1000,csat_1000
2551,decline,(declension),decline (declension),0,수능 필수 1000,csat_1000
2552,deficit,,deficit,0,수능 필수 1000,csat_1000
2553,deposit,,deposit,0,수능 필수 1000,csat_1000
2554,deprive,,deprive,0,수능 필수 1000,csat_1000
2555,descend,,descend,0,수능 필수 1000,csat_1000
2556,despair,,despair,0,수능 필수 1000,csat_1000
2557,destine,(destination),destine (destination),0,수능 필수 1000,csat_1000
2558,destiny,,destiny,0,수능 필수 1000,csat_1000
2559,dictate,,dictate,0,수능 필수 1000,csat_1000
2560,dignity,,dignity,0,수능 필수 1000,csat_1000
2561,dismiss,,dismiss,0,수능 필수 1000,csat_1000
2562,dispute,,dispute,0,수능 필수 1000,csat_1000
2563,disrupt,,disrupt,0,수능 필수 1000,csat_1000
2564,distort,,distort,0,수능 필수 1000,csat_1000
2565,diverse,,diverse,0,수능 필수 1000,csat_1000
2566,dynamic,,dynamic,0,수능 필수 1000,csat_1000
2567,elegant,,elegant,0,수능 필수 1000,csat_1000
2568,elevate,(elevator),elevate (elevator),0,수능 필수 1000,csat_1000
2569,embassy,,embassy,0,수능 필수 1000,csat_1000
2570,embrace,,embrace,0,수능 필수 1000,csat_1000
2571,enhance,,enhance,0,수능 필수 1000,csat_1000
2572,environ,(environment),environ (environment),0,수능 필수 1000,csat_1000
2573,essence,(essential),essence (essential),0,수능 필수 1000,csat_1000
2574,exclude,(exclusive),exclude (exclusive),0,수능 필수 1000,csat_1000
2575,exhibit,,exhibit,0,수능 필수 1000,csat_1000
2576,explode,,explode,0,수능 필수 1000,csat_1000
2577,explore,,explore,0,수능 필수 1000,csat_1000
2578,extinct,,extinct,0,수능 필수 1000,csat_1000
2579,extract,,extract,0,수능 필수 1000,csat_1000
2580,eyebrow,,eyebrow,0,수능 필수 1000,csat_1000
2581,faculty,,faculty,0,수능 필수 1000,csat_1000
2582,federal,,federal,0,수능 필수 1000,csat_1000
2583,fertile,,fertile,0,수능 필수 1000,csat_1000
2584,fiction,,fiction,0,수능 필수 1000,csat_1000
2585,formula,,formula,0,수능 필수 1000,csat_1000
2586,funeral,,funeral,0,수능 필수 1000,csat_1000
2587,furnish,,furnish,0,수능 필수 1000,csat_1000
2588,gallery,,gallery,0,수능 필수 1000,csat_1000
2589,genuine,,genuine,0,수능 필수 1000,csat_1000
2590,geology,,geology,0,수능 필수 1000,csat_1000
2591,habitat,,habitat,0,수능 필수 1000,csat_1000
2592,harmony,(harmonious),harmony (harmonious),0,수능 필수 1000,csat_1000
2593,harvest,,harvest,0,수능 필수 1000,csat_1000
2594,horizon,,horizon,0,수능 필수 1000,csat_1000
2595,hostile,,hostile,0,수능 필수 1000,csat_1000
2596,imitate,,imitate,0,수능 필수 1000,csat_1000
2597,immense,,immense,0,수능 필수 1000,csat_1000
2598,incline,,incline,0,수능 필수 1000,csat_1000
2599,inflate,,inflate,0,수능 필수 1000,csat_1000
2600,inhabit,,inhabit,0,수능 필수 1000,csat_1000
2601,inhibit,,inhibit,0,수능 필수 1000,csat_1000
2602,initial,,initial,0,수능 필수 1000,csat_1000
2603,inquire,/ enquire,inquire / enquire,0,수능 필수 1000,csat_1000
2604,insight,,insight,0,수능 필수 1000,csat_1000
2605,inspire,,inspire,0,수능 필수 1000,csat_1000
2606,install,,install,0,수능 필수 1000,csat_1000
2607,isolate,,isolate,0,수능 필수 1000,csat_1000
2608,journal,,journal,0,수능 필수 1000,csat_1000
2609,laundry,,laundry,0,수능 필수 1000,csat_1000
2610,leather,,leather,0,수능 필수 1000,csat_1000
2611,lecture,,lecture,0,수능 필수 1000,csat_1000
2612,leisure,,leisure,0,수능 필수 1000,csat_1000
2613,liberal,,liberal,0,수능 필수 1000,csat_1000
2614,liberty,,liberty,0,수능 필수 1000,csat_1000
2615,mediate,,mediate,0,수능 필수 1000,csat_1000
2616,migrate,(migrant),migrate (migrant),0,수능 필수 1000,csat_1000
2617,million,,million,0,수능 필수 1000,csat_1000
2618,mineral,,mineral,0,수능 필수 1000,csat_1000
2619,minimal,,minimal,0,수능 필수 1000,csat_1000
2620,minimum,,minimum,0,수능 필수 1000,csat_1000
2621,miracle,,miracle,0,수능 필수 1000,csat_1000
2622,missile,,missile,0,수능 필수 1000,csat_1000
2623,monster,,monster,0,수능 필수 1000,csat_1000
2624,narrate,,narrate,0,수능 필수 1000,csat_1000
2625,neglect,,neglect,0,수능 필수 1000,csat_1000
2626,network,,network,0,수능 필수 1000,csat_1000
2627,neutral,,neutral,0,수능 필수 1000,csat_1000
2628,nuclear,,nuclear,0,수능 필수 1000,csat_1000
2629,outcome,,outcome,0,수능 필수 1000,csat_1000
2630,outline,,outline,0,수능 필수 1000,csat_1000
2631,outrage,,outrage,0,수능 필수 1000,csat_1000
2632,overlap,,overlap,0,수능 필수 1000,csat_1000
2633,oversea,/ overseas,oversea / overseas,0,수능 필수 1000,csat_1000
2634,passage,,passage,0,수능 필수 1000,csat_1000
2635,passion,,passion,0,수능 필수 1000,csat_1000
2636,peasant,,peasant,0,수능 필수 1000,csat_1000
2637,penalty,,penalty,0,수능 필수 1000,csat_1000
2638,persist,,persist,0,수능 필수 1000,csat_1000
2639,physics,,physics,0,수능 필수 1000,csat_1000
2640,pioneer,,pioneer,0,수능 필수 1000,csat_1000
2641,portion,,portion,0,수능 필수 1000,csat_1000
2642,precede,(unprecedented),precede (unprecedented),0,수능 필수 1000,csat_1000
2643,precise,,precise,0,수능 필수 1000,csat_1000
2644,predict,,predict,0,수능 필수 1000,csat_1000
2645,premium,,premium,0,수능 필수 1000,csat_1000
2646,preside,(president),preside (president),0,수능 필수 1000,csat_1000
2647,presume,,presume,0,수능 필수 1000,csat_1000
2648,prevail,,prevail,0,수능 필수 1000,csat_1000
2649,profile,,profile,0,수능 필수 1000,csat_1000
2650,prosper,,prosper,0,수능 필수 1000,csat_1000
2651,protein,,protein,0,수능 필수 1000,csat_1000
2652,provoke,,provoke,0,수능 필수 1000,csat_1000
2653,publish,(publisher),publish (publisher),0,수능 필수 1000,csat_1000
2654,receipt,,receipt,0,수능 필수 1000,csat_1000
2655,recruit,,recruit,0,수능 필수 1000,csat_1000
2656,relieve,,relieve,0,수능 필수 1000,csat_1000
2657,resolve,,resolve,0,수능 필수 1000,csat_1000
2658,restore,,restore,0,수능 필수 1000,csat_1000
2659,retreat,,retreat,0,수능 필수 1000,csat_1000
2660,revenge,,revenge,0,수능 필수 1000,csat_1000
2661,reverse,,reverse,0,수능 필수 1000,csat_1000
2662,routine,,routine,0,수능 필수 1000,csat_1000
2663,scandal,,scandal,0,수능 필수 1000,csat_1000
2664,scatter,,scatter,0,수능 필수 1000,csat_1000
2665,scholar,,scholar,0,수능 필수 1000,csat_1000
2666,shallow,,shallow,0,수능 필수 1000,csat_1000
2667,squeeze,,squeeze,0,수능 필수 1000,csat_1000
2668,suffice,(sufficient),suffice (sufficient),0,수능 필수 1000,csat_1000
2669,suicide,,suicide,0,수능 필수 1000,csat_1000
2670,surgery,,surgery,0,수능 필수 1000,csat_1000
2671,suspend,,suspend,0,수능 필수 1000,csat_1000
2672,sustain,,sustain,0,수능 필수 1000,csat_1000
2673,symptom,,symptom,0,수능 필수 1000,csat_1000
2674,terrace,,terrace,0,수능 필수 1000,csat_1000
2675,therapy,,therapy,0,수능 필수 1000,csat_1000
2676,torture,,torture,0,수능 필수 1000,csat_1000
2677,trigger,,trigger,0,수능 필수 1000,csat_1000
2678,triumph,,triumph,0,수능 필수 1000,csat_1000
2679,undergo,,undergo,0,수능 필수 1000,csat_1000
2680,utilize,/ utilise,utilize / utilise,0,수능 필수 1000,csat_1000
2681,vaccine,,vaccine,0,수능 필수 1000,csat_1000
2682,venture,,venture,0,수능 필수 1000,csat_1000
2683,victory,,victory,0,수능 필수 1000,csat_1000
2684,visible,,visible,0,수능 필수 1000,csat_1000
2685,warrant,,warrant,0,수능 필수 1000,csat_1000
2686,welfare,,welfare,0,수능 필수 1000,csat_1000
2687,whereas,,whereas,0,수능 필수 1000,csat_1000
2688,witness,,witness,0,수능 필수 1000,csat_1000
2689,worship,,worship,0,수능 필수 1000,csat_1000
2690,abstract,,abstract,0,수능 필수 1000,csat_1000
2691,accurate,,accurate,0,수능 필수 1000,csat_1000
2692,adequate,,adequate,0,수능 필수 1000,csat_1000
2693,advocate,,advocate,0,수능 필수 1000,csat_1000
2694,allocate,,allocate,0,수능 필수 1000,csat_1000
2695,ambition,(ambitious),ambition (ambitious),0,수능 필수 1000,csat_1000
2696,apparent,,apparent,0,수능 필수 1000,csat_1000
2697,artifice,(artificial),artifice (artificial),0,수능 필수 1000,csat_1000
2698,assemble,,assemble,0,수능 필수 1000,csat_1000
2699,astonish,,astonish,0,수능 필수 1000,csat_1000
2700,bankrupt,,bankrupt,0,수능 필수 1000,csat_1000
2701,boundary,,boundary,0,수능 필수 1000,csat_1000
2702,chemical,,chemical,0,수능 필수 1000,csat_1000
2703,coincide,,coincide,0,수능 필수 1000,csat_1000
2704,collapse,,collapse,0,수능 필수 1000,csat_1000
2705,compound,,compound,0,수능 필수 1000,csat_1000
2706,comprise,,comprise,0,수능 필수 1000,csat_1000
2707,conceive,,conceive,0,수능 필수 1000,csat_1000
2708,conclude,,conclude,0,수능 필수 1000,csat_1000
2709,concrete,,concrete,0,수능 필수 1000,csat_1000
2710,confront,,confront,0,수능 필수 1000,csat_1000
2711,congress,,congress,0,수능 필수 1000,csat_1000
2712,conserve,,conserve,0,수능 필수 1000,csat_1000
2713,contrary,,contrary,0,수능 필수 1000,csat_1000
2714,contrast,,contrast,0,수능 필수 1000,csat_1000
2715,corridor,,corridor,0,수능 필수 1000,csat_1000
2716,credible,(incredible),credible (incredible),0,수능 필수 1000,csat_1000
2717,currency,,currency,0,수능 필수 1000,csat_1000
2718,database,,database,0,수능 필수 1000,csat_1000
2719,decrease,,decrease,0,수능 필수 1000,csat_1000
2720,dedicate,,dedicate,0,수능 필수 1000,csat_1000
2721,delegate,,delegate,0,수능 필수 1000,csat_1000
2722,delicate,,delicate,0,수능 필수 1000,csat_1000
2723,democrat,,democrat,0,수능 필수 1000,csat_1000
2724,destruct,(destruction),destruct (destruction),0,수능 필수 1000,csat_1000
2725,diabetes,,diabetes,0,수능 필수 1000,csat_1000
2726,diminish,,diminish,0,수능 필수 1000,csat_1000
2727,diplomat,,diplomat,0,수능 필수 1000,csat_1000
2728,disaster,,disaster,0,수능 필수 1000,csat_1000
2729,distinct,,distinct,0,수능 필수 1000,csat_1000
2730,distract,,distract,0,수능 필수 1000,csat_1000
2731,dominate,(dominant),dominate (dominant),0,수능 필수 1000,csat_1000
2732,emphasis,,emphasis,0,수능 필수 1000,csat_1000
2733,evacuate,,evacuate,0,수능 필수 1000,csat_1000
2734,evaluate,,evaluate,0,수능 필수 1000,csat_1000
2735,evitable,(inevitable),evitable (inevitable),0,수능 필수 1000,csat_1000
2736,explicit,,explicit,0,수능 필수 1000,csat_1000
2737,external,,external,0,수능 필수 1000,csat_1000
2738,facility,,facility,0,수능 필수 1000,csat_1000
2739,flexible,,flexible,0,수능 필수 1000,csat_1000
2740,flourish,,flourish,0,수능 필수 1000,csat_1000
2741,forecast,,forecast,0,수능 필수 1000,csat_1000
2742,forehead,,forehead,0,수능 필수 1000,csat_1000
2743,fountain,,fountain,0,수능 필수 1000,csat_1000
2744,fraction,,fraction,0,수능 필수 1000,csat_1000
2745,frequent,,frequent,0,수능 필수 1000,csat_1000
2746,gasoline,/ petrol,gasoline / petrol,0,수능 필수 1000,csat_1000
2747,generate,(generation),generate (generation),0,수능 필수 1000,csat_1000
2748,generous,,generous,0,수능 필수 1000,csat_1000
2749,graduate,,graduate,0,수능 필수 1000,csat_1000
2750,grateful,,grateful,0,수능 필수 1000,csat_1000
2751,guardian,,guardian,0,수능 필수 1000,csat_1000
2752,handicap,,handicap,0,수능 필수 1000,csat_1000
2753,heritage,,heritage,0,수능 필수 1000,csat_1000
2754,ideology,,ideology,0,수능 필수 1000,csat_1000
2755,imperial,,imperial,0,수능 필수 1000,csat_1000
2756,incident,,incident,0,수능 필수 1000,csat_1000
2757,inherent,,inherent,0,수능 필수 1000,csat_1000
2758,innovate,,innovate,0,수능 필수 1000,csat_1000
2759,instinct,,instinct,0,수능 필수 1000,csat_1000
2760,interior,,interior,0,수능 필수 1000,csat_1000
2761,interval,,interval,0,수능 필수 1000,csat_1000
2762,intimate,,intimate,0,수능 필수 1000,csat_1000
2763,intrigue,,intrigue,0,수능 필수 1000,csat_1000
2764,irritate,,irritate,0,수능 필수 1000,csat_1000
2765,likewise,,likewise,0,수능 필수 1000,csat_1000
2766,manifest,,manifest,0,수능 필수 1000,csat_1000
2767,mechanic,,mechanic,0,수능 필수 1000,csat_1000
2768,medieval,,medieval,0,수능 필수 1000,csat_1000
2769,merchant,,merchant,0,수능 필수 1000,csat_1000
2770,ministry,,ministry,0,수능 필수 1000,csat_1000
2771,moderate,,moderate,0,수능 필수 1000,csat_1000
2772,molecule,,molecule,0,수능 필수 1000,csat_1000
2773,monument,,monument,0,수능 필수 1000,csat_1000
2774,multiple,,multiple,0,수능 필수 1000,csat_1000
2775,nominate,,nominate,0,수능 필수 1000,csat_1000
2776,numerous,,numerous,0,수능 필수 1000,csat_1000
2777,optimist,,optimist,0,수능 필수 1000,csat_1000
2778,overcome,,overcome,0,수능 필수 1000,csat_1000
2779,overhead,,overhead,0,수능 필수 1000,csat_1000
2780,overlook,,overlook,0,수능 필수 1000,csat_1000
2781,parallel,,parallel,0,수능 필수 1000,csat_1000
2782,particle,,particle,0,수능 필수 1000,csat_1000
2783,passport,,passport,0,수능 필수 1000,csat_1000
2784,perceive,(perception),perceive (perception),0,수능 필수 1000,csat_1000
2785,persuade,,persuade,0,수능 필수 1000,csat_1000
2786,platform,,platform,0,수능 필수 1000,csat_1000
2787,populate,(population),populate (population),0,수능 필수 1000,csat_1000
2788,portrait,,portrait,0,수능 필수 1000,csat_1000
2789,predator,,predator,0,수능 필수 1000,csat_1000
2790,preserve,,preserve,0,수능 필수 1000,csat_1000
2791,profound,,profound,0,수능 필수 1000,csat_1000
2792,prohibit,,prohibit,0,수능 필수 1000,csat_1000
2793,prospect,,prospect,0,수능 필수 1000,csat_1000
2794,province,,province,0,수능 필수 1000,csat_1000
2795,quantity,,quantity,0,수능 필수 1000,csat_1000
2796,rational,,rational,0,수능 필수 1000,csat_1000
2797,regulate,,regulate,0,수능 필수 1000,csat_1000
2798,relevant,,relevant,0,수능 필수 1000,csat_1000
2799,religion,,religion,0,수능 필수 1000,csat_1000
2800,republic,,republic,0,수능 필수 1000,csat_1000
2801,resemble,,resemble,0,수능 필수 1000,csat_1000
2802,restrain,,restrain,0,수능 필수 1000,csat_1000
2803,restrict,,restrict,0,수능 필수 1000,csat_1000
2804,ridicule,(ridiculous),ridicule (ridiculous),0,수능 필수 1000,csat_1000
2805,romantic,,romantic,0,수능 필수 1000,csat_1000
2806,scramble,,scramble,0,수능 필수 1000,csat_1000
2807,sensible,,sensible,0,수능 필수 1000,csat_1000
2808,sequence,,sequence,0,수능 필수 1000,csat_1000
2809,simulate,,simulate,0,수능 필수 1000,csat_1000
2810,spectrum,,spectrum,0,수능 필수 1000,csat_1000
2811,superior,,superior,0,수능 필수 1000,csat_1000
2812,sympathy,,sympathy,0,수능 필수 1000,csat_1000
2813,symphony,,symphony,0,수능 필수 1000,csat_1000
2814,terminal,,terminal,0,수능 필수 1000,csat_1000
2815,terrific,,terrific,0,수능 필수 1000,csat_1000
2816,thorough,,thorough,0,수능 필수 1000,csat_1000
2817,transact,,transact,0,수능 필수 1000,csat_1000
2818,transmit,,transmit,0,수능 필수 1000,csat_1000
2819,treasure,,treasure,0,수능 필수 1000,csat_1000
2820,turnover,,turnover,0,수능 필수 1000,csat_1000
2821,ultimate,,ultimate,0,수능 필수 1000,csat_1000
2822,underlie,,underlie,0,수능 필수 1000,csat_1000
2823,universe,,universe,0,수능 필수 1000,csat_1000
2824,vertical,,vertical,0,수능 필수 1000,csat_1000
2825,vocation,,vocation,0,수능 필수 1000,csat_1000
2826,withdraw,,withdraw,0,수능 필수 1000,csat_1000
2827,accompany,,accompany,0,수능 필수 1000,csat_1000
2828,aesthetic,,aesthetic,0,수능 필수 1000,csat_1000
2829,alongside,,alongside,0,수능 필수 1000,csat_1000
2830,alternate,(alternative),alternate (alternative),0,수능 필수 1000,csat_1000
2831,architect,(architecture),architect (architecture),0,수능 필수 1000,csat_1000
2832,attribute,,attribute,0,수능 필수 1000,csat_1000
2833,authentic,,authentic,0,수능 필수 1000,csat_1000
2834,biography,,biography,0,수능 필수 1000,csat_1000
2835,broadcast,,broadcast,0,수능 필수 1000,csat_1000
2836,candidate,,candidate,0,수능 필수 1000,csat_1000
2837,celebrate,,celebrate,0,수능 필수 1000,csat_1000
2838,celebrity,,celebrity,0,수능 필수 1000,csat_1000
2839,circulate,,circulate,0,수능 필수 1000,csat_1000
2840,colleague,,colleague,0,수능 필수 1000,csat_1000
2841,commodity,,commodity,0,수능 필수 1000,csat_1000
2842,communist,,communist,0,수능 필수 1000,csat_1000
2843,companion,,companion,0,수능 필수 1000,csat_1000
2844,component,,component,0,수능 필수 1000,csat_1000
2845,constrain,,constrain,0,수능 필수 1000,csat_1000
2846,construct,(construction),construct (construction),0,수능 필수 1000,csat_1000
2847,continent,,continent,0,수능 필수 1000,csat_1000
2848,cooperate,,cooperate,0,수능 필수 1000,csat_1000
2849,copyright,,copyright,0,수능 필수 1000,csat_1000
2850,corporate,(corporation),corporate (corporation),0,수능 필수 1000,csat_1000
2851,criterion,,criterion,0,수능 필수 1000,csat_1000
2852,cultivate,,cultivate,0,수능 필수 1000,csat_1000
2853,democracy,,democracy,0,수능 필수 1000,csat_1000
2854,designate,,designate,0,수능 필수 1000,csat_1000
2855,dimension,,dimension,0,수능 필수 1000,csat_1000
2856,discourse,,discourse,0,수능 필수 1000,csat_1000
2857,efficient,,efficient,0,수능 필수 1000,csat_1000
2858,elaborate,,elaborate,0,수능 필수 1000,csat_1000
2859,eliminate,,eliminate,0,수능 필수 1000,csat_1000
2860,emergency,,emergency,0,수능 필수 1000,csat_1000
2861,encounter,,encounter,0,수능 필수 1000,csat_1000
2862,evolution,,evolution,0,수능 필수 1000,csat_1000
2863,executive,,executive,0,수능 필수 1000,csat_1000
2864,expertise,,expertise,0,수능 필수 1000,csat_1000
2865,framework,,framework,0,수능 필수 1000,csat_1000
2866,geography,,geography,0,수능 필수 1000,csat_1000
2867,guideline,,guideline,0,수능 필수 1000,csat_1000
2868,gymnasium,/ gym,gymnasium / gym,0,수능 필수 1000,csat_1000
2869,hierarchy,,hierarchy,0,수능 필수 1000,csat_1000
2870,highlight,,highlight,0,수능 필수 1000,csat_1000
2871,household,,household,0,수능 필수 1000,csat_1000
2872,identical,,identical,0,수능 필수 1000,csat_1000
2873,immigrate,,immigrate,0,수능 필수 1000,csat_1000
2874,implement,,implement,0,수능 필수 1000,csat_1000
2875,incentive,,incentive,0,수능 필수 1000,csat_1000
2876,institute,(institution),institute (institution),0,수능 필수 1000,csat_1000
2877,integrate,,integrate,0,수능 필수 1000,csat_1000
2878,intellect,(intellectual),intellect (intellectual),0,수능 필수 1000,csat_1000
2879,interfere,,interfere,0,수능 필수 1000,csat_1000
2880,interpret,,interpret,0,수능 필수 1000,csat_1000
2881,intervene,,intervene,0,수능 필수 1000,csat_1000
2882,landscape,,landscape,0,수능 필수 1000,csat_1000
2883,legislate,,legislate,0,수능 필수 1000,csat_1000
2884,meanwhile,,meanwhile,0,수능 필수 1000,csat_1000
2885,mechanism,,mechanism,0,수능 필수 1000,csat_1000
2886,negotiate,,negotiate,0,수능 필수 1000,csat_1000
2887,nightmare,,nightmare,0,수능 필수 1000,csat_1000
2888,opportune,(opportunity),opportune (opportunity),0,수능 필수 1000,csat_1000
2889,orchestra,,orchestra,0,수능 필수 1000,csat_1000
2890,overnight,,overnight,0,수능 필수 1000,csat_1000
2891,overwhelm,,overwhelm,0,수능 필수 1000,csat_1000
2892,passenger,,passenger,0,수능 필수 1000,csat_1000
2893,permanent,,permanent,0,수능 필수 1000,csat_1000
2894,prejudice,,prejudice,0,수능 필수 1000,csat_1000
2895,prescribe,,prescribe,0,수능 필수 1000,csat_1000
2896,primitive,,primitive,0,수능 필수 1000,csat_1000
2897,principal,,principal,0,수능 필수 1000,csat_1000
2898,privilege,,privilege,0,수능 필수 1000,csat_1000
2899,professor,,professor,0,수능 필수 1000,csat_1000
2900,prominent,,prominent,0,수능 필수 1000,csat_1000
2901,reinforce,,reinforce,0,수능 필수 1000,csat_1000
2902,reluctant,,reluctant,0,수능 필수 1000,csat_1000
2903,sacrifice,,sacrifice,0,수능 필수 1000,csat_1000
2904,satellite,,satellite,0,수능 필수 1000,csat_1000
2905,sentiment,,sentiment,0,수능 필수 1000,csat_1000
2906,sociology,,sociology,0,수능 필수 1000,csat_1000
2907,spectacle,,spectacle,0,수능 필수 1000,csat_1000
2908,statistic,,statistic,0,수능 필수 1000,csat_1000
2909,stimulate,,stimulate,0,수능 필수 1000,csat_1000
2910,submarine,,submarine,0,수능 필수 1000,csat_1000
2911,subscribe,,subscribe,0,수능 필수 1000,csat_1000
2912,substance,(substantial),substance (substantial),0,수능 필수 1000,csat_1000
2913,supervise,,supervise,0,수능 필수 1000,csat_1000
2914,surrender,,surrender,0,수능 필수 1000,csat_1000
2915,telegraph,,telegraph,0,수능 필수 1000,csat_1000
2916,temporary,,temporary,0,수능 필수 1000,csat_1000
2917,terminate,,terminate,0,수능 필수 1000,csat_1000
2918,territory,,territory,0,수능 필수 1000,csat_1000
2919,transform,,transform,0,수능 필수 1000,csat_1000
2920,translate,,translate,0,수능 필수 1000,csat_1000
2921,undermine,,undermine,0,수능 필수 1000,csat_1000
2922,undertake,,undertake,0,수능 필수 1000,csat_1000
2923,warehouse,,warehouse,0,수능 필수 1000,csat_1000
2924,accelerate,,accelerate,0,수능 필수 1000,csat_1000
2925,accomplish,,accomplish,0,수능 필수 1000,csat_1000
2926,accumulate,,accumulate,0,수능 필수 1000,csat_1000
2927,administer,(administration),administer (administration),0,수능 필수 1000,csat_1000
2928,adolescent,,adolescent,0,수능 필수 1000,csat_1000
2929,ambassador,,ambassador,0,수능 필수 1000,csat_1000
2930,anticipate,,anticipate,0,수능 필수 1000,csat_1000
2931,compatible,,compatible,0,수능 필수 1000,csat_1000
2932,compensate,,compensate,0,수능 필수 1000,csat_1000
2933,complement,,complement,0,수능 필수 1000,csat_1000
2934,comprehend,(comprehensive),comprehend (comprehensive),0,수능 필수 1000,csat_1000
2935,compromise,,compromise,0,수능 필수 1000,csat_1000
2936,conscience,,conscience,0,수능 필수 1000,csat_1000
2937,constitute,(constitution),constitute (constitution),0,수능 필수 1000,csat_1000
2938,contradict,,contradict,0,수능 필수 1000,csat_1000
2939,coordinate,,coordinate,0,수능 필수 1000,csat_1000
2940,correspond,,correspond,0,수능 필수 1000,csat_1000
2941,curriculum,,curriculum,0,수능 필수 1000,csat_1000
2942,deficiency,,deficiency,0,수능 필수 1000,csat_1000
2943,deliberate,,deliberate,0,수능 필수 1000,csat_1000
2944,distribute,,distribute,0,수능 필수 1000,csat_1000
2945,electronic,,electronic,0,수능 필수 1000,csat_1000
2946,enterprise,,enterprise,0,수능 필수 1000,csat_1000
2947,exaggerate,,exaggerate,0,수능 필수 1000,csat_1000
2948,facilitate,,facilitate,0,수능 필수 1000,csat_1000
2949,hypothesis,,hypothesis,0,수능 필수 1000,csat_1000
2950,ingredient,,ingredient,0,수능 필수 1000,csat_1000
2951,legitimate,,legitimate,0,수능 필수 1000,csat_1000
2952,linguistic,,linguistic,0,수능 필수 1000,csat_1000
2953,literature,,literature,0,수능 필수 1000,csat_1000
2954,manipulate,,manipulate,0,수능 필수 1000,csat_1000
2955,microphone,,microphone,0,수능 필수 1000,csat_1000
2956,parliament,,parliament,0,수능 필수 1000,csat_1000
2957,phenomenon,,phenomenon,0,수능 필수 1000,csat_1000
2958,philosophy,,philosophy,0,수능 필수 1000,csat_1000
2959,proportion,,proportion,0,수능 필수 1000,csat_1000
2960,psychology,,psychology,0,수능 필수 1000,csat_1000
2961,reputation,,reputation,0,수능 필수 1000,csat_1000
2962,revolution,,revolution,0,수능 필수 1000,csat_1000
2963,substitute,,substitute,0,수능 필수 1000,csat_1000
2964,supplement,,supplement,0,수능 필수 1000,csat_1000
2965,transition,,transition,0,수능 필수 1000,csat_1000
2966,tremendous,,tremendous,0,수능 필수 1000,csat_1000
2967,vocabulary,,vocabulary,0,수능 필수 1000,csat_1000
2968,accommodate,,accommodate,0,수능 필수 1000,csat_1000
2969,acknowledge,,acknowledge,0,수능 필수 1000,csat_1000
2970,acquisition,,acquisition,0,수능 필수 1000,csat_1000
2971,agriculture,,agriculture,0,수능 필수 1000,csat_1000
2972,anniversary,,anniversary,0,수능 필수 1000,csat_1000
2973,approximate,,approximate,0,수능 필수 1000,csat_1000
2974,certificate,,certificate,0,수능 필수 1000,csat_1000
2975,collaborate,,collaborate,0,수능 필수 1000,csat_1000
2976,controversy,,controversy,0,수능 필수 1000,csat_1000
2977,counterpart,,counterpart,0,수능 필수 1000,csat_1000
2978,distinguish,,distinguish,0,수능 필수 1000,csat_1000
2979,fundamental,,fundamental,0,수능 필수 1000,csat_1000
2980,furthermore,,furthermore,0,수능 필수 1000,csat_1000
2981,incorporate,,incorporate,0,수능 필수 1000,csat_1000
2982,intelligent,,intelligent,0,수능 필수 1000,csat_1000
2983,magnificent,,magnificent,0,수능 필수 1000,csat_1000
2984,nonetheless,,nonetheless,0,수능 필수 1000,csat_1000
2985,outstanding,,outstanding,0,수능 필수 1000,csat_1000
2986,participate,,participate,0,수능 필수 1000,csat_1000
2987,perspective,,perspective,0,수능 필수 1000,csat_1000
2988,refrigerate,(refrigerator),refrigerate (refrigerator),0,수능 필수 1000,csat_1000
2989,contemporary,,contemporary,0,수능 필수 1000,csat_1000
2990,discriminate,,discriminate,0,수능 필수 1000,csat_1000
2991,enthusiastic,,enthusiastic,0,수능 필수 1000,csat_1000
2992,headquarters,,headquarters,0,수능 필수 1000,csat_1000
2993,intermediate,,intermediate,0,수능 필수 1000,csat_1000
2994,metropolitan,,metropolitan,0,수능 필수 1000,csat_1000
2995,nevertheless,,nevertheless,0,수능 필수 1000,csat_1000
2996,simultaneous,,simultaneous,0,수능 필수 1000,csat_1000
2997,sophisticate,,sophisticate,0,수능 필수 1000,csat_1000
2998,veterinarian,,veterinarian,0,수능 필수 1000,csat_1000
2999,extraordinary,,extraordinary,0,수능 필수 1000,csat_1000
3000,questionnaire,,questionnaire,0,수능 필수 1000,csat_1000
